"Name","End Time","Runtime","State","cutoff_distance","dropout","hidden_channels","learning_rate","weight_decay","Test Accuracy","Test F1","Test Loss","Test Sensitivity","Test Specificity","Train Accuracy","Train F1","Train Loss","Train Sensitivity","Train Specificity"
"fearless-sweep-1","2025-01-07T14:42:21.000Z","990","finished","4.581379417428377","0.4","256","0.000002646687770585234","1.1984095484362545e-7","0.4663333333333333","0.6113134255887351","0.6648076077302297","0.8212654924983692","0.09543285616905248","0.48542857142857143","0.6284299566742315","0.6726705304213932","0.8265943012211668","0.106184012066365"
"worthy-sweep-2","2025-01-07T14:43:28.000Z","58","finished","8.143102449765705","0.8","256","0.0013831770821466946","0.000005569223286015683","0.511","0.6763732627399074","0.6933229317267736","1","0","0.5264285714285715","0.6897519887693028","0.6918086516005653","1","0"
"hardy-sweep-3","2025-01-07T14:44:46.000Z","69","finished","5.550470644016578","0.6","256","0.000268245414669806","0.0004978774990112386","0.5106666666666667","0.676081200353045","0.6892882684866587","0.9993476842791912","0","0.5257142857142857","0.6891385767790262","0.6894107758998871","0.9986431478968792","0"
"youthful-sweep-4","2025-01-07T14:45:59.000Z","65","finished","3.623533849403941","0.5","256","0.00031641147899254073","0.000021643776968852333","0.6433333333333333","0.5167118337850045","0.6897156139214834","0.3731245923026745","0.9256987048398092","0.6125714285714285","0.4562951082598235","0.691206944840295","0.30881953867028494","0.9502262443438914"
"eager-sweep-5","2025-01-07T14:52:22.000Z","376","finished","5.631030681138511","0.8","64","0.0005189069510566058","9.672886092461038e-7","0.761","0.7632882139319908","0.5311192274093628","0.7540769732550554","0.7682344921608726","0.8232857142857143","0.8291200442050007","0.41691803612879347","0.81438263229308","0.8331825037707391"
"smooth-sweep-6","2025-01-07T15:01:50.000Z","559","finished","9.708797903084822","0.6","32","0.0000042686992354119165","0.00005821304173942531","0.5096666666666667","0.6752042393464341","0.6936965584754944","0.9973907371167644","0","0.5262857142857142","0.6896293523025084","0.6920549316065652","0.9997286295793758","0"
"fanciful-sweep-7","2025-01-07T15:02:57.000Z","57","finished","6.757369911064835","0.5","64","0.000009369618126971864","2.8139546281846127e-8","0.511","0.6763732627399074","0.6945600161949793","1","0","0.5262857142857142","0.6896293523025084","0.6932189123971122","0.9997286295793758","0"
"bright-sweep-8","2025-01-07T15:04:34.000Z","93","finished","8.397535235011716","0.8","256","0.02316368851833864","0.00019452458113446876","0.511","0.6763732627399074","0.6971573134263357","1","0","0.5264285714285715","0.6897519887693028","0.6938695652144296","1","0"
"glamorous-sweep-10","2025-01-08T14:21:19.000Z","41","finished","6.763066638346833","0.5","128","0.07635180251825581","0.0000318605477242148","0.511","0.6763732627399074","0.6930436342954636","1","0","0.5264285714285715","0.6897519887693028","0.6917798199823925","1","0"
"curious-sweep-11","2025-01-08T14:22:28.000Z","42","finished","6.997493924874558","0.8","128","0.0018407989208559063","0.00000200664526537274","0.511","0.6763732627399074","0.6933318376541138","1","0","0.5264285714285715","0.6897519887693028","0.6916812998907906","1","0"
"electric-sweep-12","2025-01-08T14:24:24.000Z","107","finished","3.990054636437203","0.5","128","0.0000036958214956398034","3.0868707962420016e-7","0.509","0.6746189529489728","0.6978728423515955","0.9960861056751468","0","0.5257142857142857","0.6891385767790262","0.6938242571694511","0.9986431478968792","0"
"legendary-sweep-13","2025-01-08T14:25:53.000Z","83","finished","3.9337334690053902","0.4","256","0.005555046710722441","1.885647911445091e-7","0.511","0.6763732627399074","0.6929747511943182","1","0","0.5264285714285715","0.6897519887693028","0.6916394254990986","1","0"
"genial-sweep-14","2025-01-08T14:26:46.000Z","44","finished","8.365070714688155","0.8","32","0.00873103583876318","0.0006253645396341301","0.511","0.6763732627399074","0.6933865745862325","1","0","0.5264285714285715","0.6897519887693028","0.6917526423931122","1","0"
"solar-sweep-15","2025-01-08T14:32:01.000Z","307","finished","3.4874743023806056","0.5","64","4.850891639545095e-7","0.00026122805970173966","0.511","0.6763732627399074","0.6947901447614034","1","0","0.5262857142857142","0.6896293523025084","0.693055985229356","0.9997286295793758","0"
"skilled-sweep-16","2025-01-08T14:44:46.000Z","759","finished","5.5986068234314015","0.4","32","7.89744677191826e-7","0.000003480307480099194","0.511","0.6763732627399074","0.696913500626882","1","0","0.5261428571428571","0.6895066928765328","0.6934741671596255","0.9994572591587516","0"
"northern-sweep-17","2025-01-08T14:48:41.000Z","228","finished","9.524799346905652","0.6","32","0.00178086283145907","0.000017829960878384768","0.742","0.7397444519166106","0.6061241775751114","0.7175472928897586","0.7675528289025222","0.8244285714285714","0.827605554776266","0.4367053359746933","0.8005427408412483","0.8509803921568627"
"fearless-sweep-18","2025-01-08T15:04:53.000Z","964","finished","4.334069092499229","0.4","256","0.00005552255136950204","0.001392372507118541","0.773","0.7599577017976736","0.4732232044140498","0.7031963470319634","0.8459441036128152","0.8331428571428572","0.8254632396891811","0.37001113487141474","0.7495251017639077","0.9260935143288084"
"gentle-sweep-19","2025-01-08T15:36:13.000Z","1875","finished","9.855309903255929","0.5","64","2.9603772115349726e-8","0.0001858833337754108","0.489","0","1.8652829825878143","0","1","0.4735714285714286","0","1.9144167389188491","0","1"
"solar-sweep-20","2025-01-08T15:48:59.000Z","760","finished","6.712716350348067","0.6","64","0.00014311556403349304","9.289363878338784e-7","0.763","0.7874439461883408","0.5344768141706785","0.8590998043052838","0.6625766871165644","0.8128571428571428","0.8350956696878147","0.4628966865794999","0.9001356852103121","0.7158371040723982"
"peachy-sweep-21","2025-01-08T16:02:55.000Z","827","finished","6.3270017447086015","0.5","64","0.0000660333542566686","0.00006351268467395307","0.711","0.7551539113244846","0.57985058426857","0.8721461187214612","0.5426039536468984","0.7717142857142857","0.8064906757084039","0.5434556816305433","0.903663500678426","0.6250377073906486"
"feasible-sweep-22","2025-01-08T16:06:33.000Z","210","finished","7.675383713495839","0.8","256","1.0873713037241753e-7","0.009286536525281242","0.511","0.6763732627399074","0.6997092167536417","1","0","0.5264285714285715","0.6897519887693028","0.6961772441864014","1","0"
"true-sweep-23","2025-01-08T16:23:04.000Z","985","finished","5.447793815128108","0.5","256","0.0000024375147888212055","3.3724321396943255e-8","0.471","0.6167592368992997","0.6684815237919489","0.8330071754729289","0.092706203135651","0.4827142857142857","0.6285010772545399","0.6757272269044604","0.8312075983717775","0.09532428355957769"
"comfy-sweep-24","2025-01-08T16:26:30.000Z","197","finished","9.859702028755414","0.8","64","0.0000011125997696147046","0.0007557783917377703","0.511","0.6763732627399074","0.697554791967074","1","0","0.5264285714285715","0.6897519887693028","0.6944824606180191","1","0"
"swept-sweep-25","2025-01-08T16:32:20.000Z","342","finished","4.329899167060007","0.6","256","4.368473516595143e-8","0.000023296251512085463","0.511","0.6763732627399074","0.6957372476657232","1","0","0.5264285714285715","0.6897519887693028","0.6930809574467796","1","0"
"efficient-sweep-26","2025-01-08T16:33:10.000Z","43","finished","7.127344131625267","0.6","128","0.0028502560332617595","0.00000837143255101952","0.511","0.6763732627399074","0.6930827995141348","1","0","0.5264285714285715","0.6897519887693028","0.6918746360710689","1","0"
"lyric-sweep-27","2025-01-08T16:46:40.000Z","802","finished","5.663006065717692","0.2","32","0.000024636959373728977","0.0001716018510790741","0.477","0.6256263421617753","0.6619704167048136","0.8551859099804305","0.081799591002045","0.4937142857142857","0.6420925065643305","0.6654564227376666","0.8626865671641791","0.08355957767722473"
"frosty-sweep-28","2025-01-08T16:59:57.000Z","790","finished","9.841303032703191","0.6","32","0.00001896203277068987","0.0009173839961653062","0.497","0.6571233810497614","0.6762621055046717","0.943248532289628","0.03067484662576687","0.5087142857142857","0.671066475370636","0.678638260279383","0.9519674355495252","0.015987933634992457"
"effortless-sweep-29","2025-01-08T17:12:37.000Z","751","finished","6.898477946096996","0.8","256","0.0000757863277309121","0.000007950127190266071","0.7483333333333333","0.7171225177969277","0.5065277467171351","0.62426614481409","0.8779822767552828","0.8012857142857143","0.7810483236266331","0.4192585189427648","0.673270013568521","0.9435897435897436"
"sage-sweep-30","2025-01-08T17:14:11.000Z","87","finished","5.063461783581256","0.8","256","0.005273887810845993","6.551853754981384e-7","0.511","0.6763732627399074","0.6944406082232794","1","0","0.5264285714285715","0.6897519887693028","0.6925237668412072","1","0"
"earnest-sweep-32","2025-01-09T13:59:21.000Z","777","finished","7.853874657960819","0.2","32","0.0000019383378002203997","0.0000034603700597811726","0.5086666666666667","0.6743261157755193","0.6945101817448934","0.9954337899543378","0","0.526","0.6893840104849279","0.6924173704215458","0.9991858887381275","0"
"swift-sweep-33","2025-01-09T14:12:10.000Z","762","finished","4.8729172870234505","0.2","32","0.0001363615886751317","0.0001083262261994453","0.724","0.7423771001866832","0.5921543290217718","0.7782126549249837","0.667348329925017","0.7792857142857142","0.7994287939763728","0.529977770788329","0.835549525101764","0.7167420814479638"
"dauntless-sweep-34","2025-01-09T14:26:09.000Z","833","finished","9.353284971406216","0.5","128","0.000037056828176887046","3.281924036584434e-7","0.7106666666666667","0.676602086438152","0.572936569650968","0.5923026744944553","0.8343558282208589","0.7541428571428571","0.723888978020215","0.5493671212877546","0.6122116689280869","0.9119155354449472"
"fragrant-sweep-35","2025-01-09T14:39:33.000Z","796","finished","7.584828594672682","0.8","64","0.00014205456790522325","0.00832198631994909","0.7513333333333333","0.713957055214724","0.5121948098142942","0.6073059360730594","0.901840490797546","0.7698571428571429","0.7363770250368189","0.4548348848308836","0.6105834464043419","0.9469079939668175"
"dazzling-sweep-36","2025-01-09T14:52:27.000Z","766","finished","6.5288582469699","0.2","32","5.1958566821023745e-8","7.6404320867693e-7","0.511","0.6763732627399074","3.117363969484965","1","0","0.5264285714285715","0.6897519887693028","3.022313509668623","1","0"
"swift-sweep-37","2025-01-09T15:01:38.000Z","542","finished","8.689641754083738","0.2","64","2.183213798628129e-7","0.0000011562523572126846","0.508","0.6737400530503979","0.6939086218674978","0.9941291585127201","0","0.5248571428571429","0.6884017238148773","0.693022466131619","0.9970149253731343","0"
"quiet-sweep-38","2025-01-09T15:08:40.000Z","414","finished","3.4368875193959787","0.5","128","0.00030407538305017405","0.00003488657170536747","0.739","0.7188509874326751","0.5396125540137291","0.6529680365296804","0.8289025221540559","0.8162857142857143","0.8047373215912542","0.39235773043973105","0.7191316146540027","0.9242835595776773"
"lucky-sweep-39","2025-01-09T15:19:50.000Z","664","finished","7.053910504839056","0.4","64","0.0002000728824490335","0.00020713494287637212","0.761","0.7591535102452133","0.4731613074739774","0.7371167645140247","0.7859577368779823","0.8257142857142857","0.8277809147374364","0.3931020104459354","0.7956580732700136","0.8591251885369532"
"devoted-sweep-40","2025-01-09T15:36:31.000Z","991","finished","6.700936457919931","0.8","256","0.000021617354288049903","1.3839131579378705e-8","0.7076666666666667","0.6802770689026614","0.5887250999609629","0.6086105675146771","0.8111792774369462","0.7331428571428571","0.7058267716535434","0.5953403264284134","0.6081411126187246","0.8720965309200603"
"winter-sweep-41","2025-01-09T15:38:16.000Z","97","finished","5.171122323118352","0.5","256","2.812462895385875e-7","7.404480112819279e-8","0.511","0.6763732627399074","0.6995082795619965","1","0","0.5264285714285715","0.6897519887693028","0.6960759801524026","1","0"
"deep-sweep-42","2025-01-09T15:39:06.000Z","44","finished","8.195114911449","0.4","64","0.003920291903816638","0.00010200141575149795","0.511","0.6763732627399074","0.6930067638556162","1","0","0.5264285714285715","0.6897519887693028","0.6916691980191639","1","0"
"celestial-sweep-43","2025-01-09T15:53:22.000Z","848","finished","7.413049404628108","0.5","64","0.00006710682725693967","2.9743166237228617e-8","0.717","0.7576363117328004","0.5833074748516083","0.8656229615133725","0.5616905248807089","0.7701428571428571","0.8045669865176728","0.5415587063346591","0.8987788331071913","0.6271493212669683"
"upbeat-sweep-44","2025-01-09T15:54:39.000Z","67","finished","4.868478323337159","0.6","256","0.012912504077029327","0.000005668845493044028","0.489","0","0.6938031713167826","0","1","0.4735714285714286","0","0.6943186521530151","0","1"
"worldly-sweep-45","2025-01-09T16:08:02.000Z","794","finished","5.209831691574236","0.2","32","8.266454788681197e-8","0.0001624205222149508","0.511","0.6763732627399074","2.7141236066818237","1","0","0.5264285714285715","0.6897519887693028","2.631618653024946","1","0"
"ethereal-sweep-46","2025-01-09T16:22:22.000Z","854","finished","7.87829770914685","0.8","128","9.042550203516188e-8","0.005468408255253028","0.511","0.6763732627399074","0.7425791074832281","1","0","0.5264285714285715","0.6897519887693028","0.7324813114745277","1","0"
"lilac-sweep-47","2025-01-09T16:24:13.000Z","106","finished","9.956747967183675","0.6","128","0.0048187266839648975","0.000025932635214291464","0.511","0.6763732627399074","0.6934670060873032","1","0","0.5264285714285715","0.6897519887693028","0.691558124763625","1","0"
"glorious-sweep-48","2025-01-09T16:38:29.000Z","849","finished","3.716340827672319","0.5","128","0.000046618136737004335","0.0008085773378187271","0.7506666666666667","0.7514950166112957","0.5551282117764155","0.7377690802348337","0.7641445126107703","0.789","0.7898107300412693","0.500099030988557","0.7530529172320217","0.8289592760180996"
"hardy-sweep-49","2025-01-09T16:39:39.000Z","64","finished","9.651840183166566","0.8","64","0.015627327042032027","0.009144404325560216","0.511","0.6763732627399074","0.6930368443330129","1","0","0.5264285714285715","0.6897519887693028","0.6915549699749265","1","0"
"peachy-sweep-50","2025-01-09T16:50:23.000Z","636","finished","6.105221338645599","0.8","64","0.00020864021464235904","0.00005041973769700819","0.767","0.762970498474059","0.48023703942696255","0.7338551859099804","0.8016359918200409","0.8215714285714286","0.8206232945569438","0.3956621821437563","0.7753052917232022","0.873001508295626"
"misunderstood-sweep-51","2025-01-09T16:54:59.000Z","271","finished","4.176257105470443","0.6","128","0.0005778808799428515","0.008812499636120338","0.7313333333333333","0.7058394160583942","0.5590850760539373","0.6307893020221788","0.83640081799591","0.7868571428571428","0.7649653434152489","0.4481544207249369","0.658887381275441","0.9291101055806938"
"cool-sweep-52","2025-01-09T16:58:17.000Z","192","finished","8.23816430098662","0.4","64","0.0017037958193538553","0.0004941454047172815","0.511","0.6763732627399074","0.6933997372786204","1","0","0.5264285714285715","0.6897519887693028","0.691663750580379","1","0"
"swept-sweep-53","2025-01-09T17:00:35.000Z","130","finished","8.49820153023007","0.6","32","0.0021980817733637317","0.00014051370152493175","0.511","0.6763732627399074","0.6925272991259893","1","0","0.5264285714285715","0.6897519887693028","0.6904387665646416","1","0"
"fancy-sweep-54","2025-01-09T17:13:39.000Z","776","finished","6.185151907084588","0.6","32","0.000012009206511114534","1.407677023787661e-7","0.5106666666666667","0.6756517896597437","0.6844240774710973","0.9973907371167645","0.002044989775051125","0.5237142857142857","0.6873006940536485","0.6848940487418856","0.9943012211668928","0.0006033182503770739"
"apricot-sweep-55","2025-01-09T17:26:45.000Z","778","finished","6.818890624622814","0.4","32","9.633598763957601e-8","1.598327854148898e-8","0.511","0.6763732627399074","2.563835640748342","1","0","0.5264285714285715","0.6897519887693028","2.4860201478004456","1","0"
"splendid-sweep-56","2025-01-09T17:32:53.000Z","362","finished","6.230476611127036","0.6","128","4.0378551490286986e-7","0.0000032498263263332628","0.511","0.6763732627399074","0.7042055825392405","1","0","0.5264285714285715","0.6897519887693028","0.6986200021845954","1","0"
"amber-sweep-57","2025-01-09T17:34:26.000Z","86","finished","6.440180334630894","0.4","128","0.0333402103676354","0.000003160267915445163","0.489","0","0.6932076662778854","0","1","0.4735714285714286","0","0.6932789640767234","0","1"
"clear-sweep-58","2025-01-09T17:47:32.000Z","780","finished","6.243124199007054","0.5","32","0.000135664971166058","0.0000019350279352640976","0.7176666666666667","0.7214731996053929","0.575328399737676","0.715590345727332","0.7198364008179959","0.7625714285714286","0.7692307692307693","0.5590404719114304","0.751696065128901","0.7746606334841629"
"wise-sweep-59","2025-01-09T17:48:25.000Z","49","finished","5.439050444598459","0.6","64","0.0071216702130431925","0.000022633742649506315","0.511","0.6763732627399074","0.6932992885510126","1","0","0.5264285714285715","0.6897519887693028","0.6916734150477818","1","0"
"wobbly-sweep-60","2025-01-09T17:54:18.000Z","345","finished","7.160359075913951","0.5","64","4.305913874399202e-7","0.00000217703481775895","0.511","0.6763732627399074","0.694763978322347","1","0","0.5262857142857142","0.6896293523025084","0.6928802664790835","0.9997286295793758","0"
"feasible-sweep-61","2025-01-09T17:55:04.000Z","41","finished","4.491135705219481","0.8","128","0.003196260369670713","4.629915556093366e-7","0.511","0.6763732627399074","0.6933568169673284","1","0","0.5264285714285715","0.6897519887693028","0.6917310101645333","1","0"
"wise-sweep-62","2025-01-09T17:56:04.000Z","54","finished","3.5874099543358664","0.6","64","0.07813384356314215","3.2303449468790235e-8","0.489","0","0.6935759981473287","0","1","0.4735714285714286","0","0.6939876164708819","0","1"
"efficient-sweep-63","2025-01-09T18:05:41.000Z","570","finished","4.273054081097545","0.6","64","2.372883467560836e-7","2.242302015757887e-8","0.5096666666666667","0.6752042393464341","0.6940662711858749","0.9973907371167645","0","0.5254285714285715","0.688893051133171","0.693031655890601","0.998100407055631","0"
"playful-sweep-65","2025-01-10T20:01:15.000Z","50","finished","8.881758661338862","0.4","256","0.0010232684720831089","0.00006898486926755924","0.511","0.6763732627399074","0.6932975848515829","1","0","0.5264285714285715","0.6897519887693028","0.691541503582682","1","0"
"fanciful-sweep-66","2025-01-10T20:02:54.000Z","92","finished","9.206815727256728","0.5","64","0.013550775382266076","0.0015317514875308278","0.511","0.6763732627399074","0.6937551299730936","1","0","0.5264285714285715","0.6897519887693028","0.6923120809452874","1","0"
"valiant-sweep-67","2025-01-10T20:19:18.000Z","979","finished","3.783915601203567","0.2","256","0.000028835667629930656","0.009822188531753453","0.7286666666666667","0.6807843137254902","0.5292098745703697","0.5662100456621004","0.8984321745057942","0.7374285714285714","0.6858119658119658","0.5093532225915364","0.5443690637720489","0.9520361990950226"
"elated-sweep-68","2025-01-10T20:32:34.000Z","792","finished","8.617136394757326","0.8","32","0.000001070280745194397","1.9752519485319049e-7","0.5096666666666667","0.6752042393464341","0.6952686409155527","0.9973907371167645","0","0.5262857142857142","0.6896293523025084","0.6928432690245765","0.9997286295793758","0"
"true-sweep-69","2025-01-10T20:46:19.000Z","819","finished","8.55469152926323","0.6","32","0.000048590223617533494","0.000042022064524922086","0.684","0.6647807637906648","0.6279263993104299","0.6131767775603392","0.7580095432856169","0.7178571428571429","0.6946977894574122","0.6329834525074277","0.6097693351424694","0.8380090497737557"
"magic-sweep-70","2025-01-10T20:47:37.000Z","73","finished","4.806090321057885","0.4","64","0.015375476882538723","1.6525005741121305e-7","0.511","0.6763732627399074","0.6928710589806238","1","0","0.5264285714285715","0.6897519887693028","0.6920533158949443","1","0"
"divine-sweep-71","2025-01-10T21:00:46.000Z","779","finished","5.41797319309818","0.2","64","0.0001646956909588657","0.0007850444773731759","0.7593333333333333","0.7443342776203966","0.48358334849278134","0.685583822570124","0.83640081799591","0.81","0.8011363636363636","0.4061119162610599","0.7270013568521031","0.902262443438914"
"comfy-sweep-73","2025-01-13T16:01:13.000Z","792","finished","6.407014890359055","0.6","32","3.3859593945891706e-7","0.000007073068069983039","0.511","0.6763732627399074","0.7770396967728933","1","0","0.5264285714285715","0.6897519887693028","0.763284227677754","1","0"
"stellar-sweep-74","2025-01-13T16:15:14.000Z","834","finished","9.52615116259406","0.8","64","3.230329893785723e-8","0.000004546604353966195","0.489","0","1.9215508898099263","0","1","0.4735714285714286","0","1.9722701822008406","0","1"
"twilight-sweep-76","2025-01-13T16:44:47.000Z","376","finished","6.561549325467232","0.6","128","4.519872717282223e-7","1.761132560066822e-7","0.511","0.6763732627399074","0.7029382387797037","1","0","0.5264285714285715","0.6897519887693028","0.6976125176463809","1","0"
"mild-sweep-77","2025-01-13T16:45:47.000Z","52","finished","7.375277789227167","0.4","256","0.0016899506761705529","0.000014044680469712283","0.511","0.6763732627399074","0.693401093284289","1","0","0.5264285714285715","0.6897519887693028","0.6916768167700086","1","0"
"unique-sweep-78","2025-01-13T16:49:36.000Z","219","finished","5.433328828334088","0.8","64","0.001204002740497381","0.00002941114042620217","0.634","0.5098214285714285","0.6332082897424698","0.3724722765818656","0.907293796864349","0.6481428571428571","0.5307677652886265","0.5859508365392685","0.3780189959294437","0.9484162895927601"
"fallen-sweep-79","2025-01-13T17:06:00.000Z","978","finished","7.140605449012789","0.5","256","0.00000895565446678168","0.003453745580691779","0.694","0.6382978723404256","0.6154898504416147","0.5283757338551859","0.8670756646216768","0.6855714285714286","0.61270455745205","0.6307543792894909","0.4724559023066486","0.9224736048265461"
"good-sweep-80","2025-01-13T17:11:45.000Z","339","finished","6.14650437992011","0.6","128","0.0010068815843430063","3.5066954986685053e-8","0.7103333333333334","0.6879712746858169","0.5809428095817566","0.6249184605348989","0.7995910020449898","0.7374285714285714","0.7063897763578275","0.5140385521309716","0.6","0.8901960784313725"
"morning-sweep-81","2025-01-13T17:19:03.000Z","429","finished","6.373405770260581","0.5","256","0.0007185865414993767","5.283335028424026e-7","0.712","0.6598425196850394","0.5681310792764028","0.5466405740378343","0.8847989093387867","0.7538571428571429","0.7205190592051905","0.5071242164288249","0.6027137042062415","0.9218702865761689"
"fancy-sweep-82","2025-01-13T17:21:25.000Z","136","finished","8.37550932917921","0.5","64","0.000001495332825802376","3.0131786305323573e-8","0.511","0.6763732627399074","0.6957466850678126","1","0","0.5262857142857142","0.6896293523025084","0.6933723049504417","0.9997286295793758","0"
"trim-sweep-83","2025-01-13T17:23:25.000Z","111","finished","6.298000783970059","0.8","128","0.000003343975196494269","0.008807340821949478","0.5076666666666667","0.6734468273269953","0.699606234828631","0.9934768427919113","0","0.5255714285714286","0.6890158254518214","0.6942629175526756","0.998371777476255","0"
"azure-sweep-84","2025-01-13T17:37:53.000Z","861","finished","6.539704726763081","0.5","128","1.5967361504734756e-8","0.000007435728961815766","0.511","0.6763732627399074","1.17403847972552","1","0","0.5264285714285715","0.6897519887693028","1.1459236783640725","1","0"
"prime-sweep-85","2025-01-13T17:54:24.000Z","982","finished","8.15427868159003","0.2","256","0.000006326055053005205","0.000003921605123761771","0.698","0.6552511415525114","0.624580129981041","0.5616438356164384","0.8404907975460123","0.703","0.6530952778241281","0.6389547884464264","0.5310719131614654","0.8941176470588236"
"misunderstood-sweep-86","2025-01-13T17:55:28.000Z","57","finished","9.841841822057098","0.8","256","0.00030586221675568415","0.0000010978658249446165","0.511","0.6763732627399074","0.6919616957505544","1","0","0.5264285714285715","0.6897519887693028","0.6908083323921476","1","0"
"gallant-sweep-87","2025-01-13T17:56:17.000Z","45","finished","6.6838243529020565","0.4","128","0.0026489623886091474","0.0008103078060696317","0.511","0.6763732627399074","0.6930695424477259","1","0","0.5264285714285715","0.6897519887693028","0.6918862057583672","1","0"
"rosy-sweep-88","2025-01-13T18:09:48.000Z","804","finished","4.413039063167924","0.8","32","0.00004786575764563863","0.0000018411904319549055","0.483","0.5970381917381138","0.6519211630026499","0.7495107632093934","0.20449897750511248","0.5052857142857143","0.6174748702087706","0.6566592114312308","0.7584803256445047","0.22383107088989443"
"fine-sweep-89","2025-01-13T18:11:40.000Z","102","finished","9.639748136925936","0.6","64","0.0028189428504730653","0.00022281885011471824","0.511","0.6763732627399074","0.6931862632433573","1","0","0.5264285714285715","0.6897519887693028","0.6916173866816929","1","0"
"blooming-sweep-90","2025-01-13T18:25:24.000Z","818","finished","6.424648876241293","0.4","64","1.1578207865307762e-7","6.50387115153525e-8","0.489","0","0.7023723423480988","0","1","0.4735714285714286","0","0.7059292708124433","0","1"
"dazzling-sweep-91","2025-01-13T18:41:48.000Z","978","finished","6.681920269943765","0.2","256","0.000035541491032689414","0.00007615868898330933","0.7363333333333333","0.7004922377887164","0.5136867339412371","0.6033920417482062","0.8752556237218814","0.7691428571428571","0.7343852728468113","0.4597684389778546","0.6062415196743555","0.9502262443438914"
"dainty-sweep-92","2025-01-13T18:43:01.000Z","68","finished","6.646897924960644","0.6","64","0.000005170440593080305","9.625235879761997e-8","0.511","0.6763732627399074","0.6967099656661352","1","0","0.5264285714285715","0.6897519887693028","0.6941654767308917","1","0"
"elated-sweep-93","2025-01-13T18:44:08.000Z","58","finished","6.662368098203","0.8","32","0.030900286051269793","0.0006007385124428115","0.511","0.6763732627399074","0.6944854507843653","1","0","0.5264285714285715","0.6897519887693028","0.6922903614384788","1","0"
"exalted-sweep-95","2025-01-15T12:15:17.000Z","1008","finished","9.421966644519358","0.6","256","0.000006703245613457172","0.00010908367987967042","0.6953333333333334","0.6460108443067389","0.6284316579500834","0.5440313111545988","0.8534423994546694","0.6978571428571428","0.6375321336760925","0.6423055678606033","0.5047489823609227","0.9125188536953243"
"splendid-sweep-96","2025-01-15T12:16:28.000Z","65","finished","3.826985967168813","0.6","64","0.000006317631885087025","1.007824322540586e-7","0.511","0.6763732627399074","0.6979860663414001","1","0","0.5264285714285715","0.6897519887693028","0.6956441210848945","1","0"
"likely-sweep-97","2025-01-15T12:24:04.000Z","449","finished","9.481389346894275","0.2","128","0.00024043926326058223","0.000008977866476981972","0.744","0.7533718689788054","0.5690136154492696","0.7651663405088063","0.721881390593047","0.8161428571428572","0.8210262828535669","0.4162714523928506","0.8010854816824966","0.8328808446455506"
"whole-sweep-98","2025-01-15T12:25:27.000Z","76","finished","7.023821354506877","0.4","64","0.0082121596336912","0.000006084777500742724","0.511","0.6763732627399074","0.6932662526766459","1","0","0.5264285714285715","0.6897519887693028","0.6916466291461673","1","0"
"efficient-sweep-99","2025-01-15T12:42:26.000Z","1013","finished","7.702121848288018","0.8","256","1.0035175803773557e-8","0.000005820951951109554","0.489","0","0.7854863802591959","0","1","0.4735714285714286","0","0.7985813745430538","0","1"
"serene-sweep-1","2025-01-15T13:04:02.000Z","318","finished","9.396147999393548","0.2","128","0.0003872107641897718","0.000011420752465223108","0.747","0.763182527301092","0.5788601289192835","0.7977821265492498","0.6939331970006817","0.8065714285714286","0.8201381509032943","0.4827888309955597","0.8377204884667572","0.7719457013574661"
"true-sweep-2","2025-01-15T13:09:59.000Z","352","finished","6.777460783224422","0.5","128","0.0008625884085867318","0.00007492725147825603","0.7093333333333334","0.7330067360685855","0.6453382025162379","0.7808219178082192","0.634628493524199","0.7787142857142857","0.7900799566336902","0.49707697864089695","0.7910447761194029","0.7650075414781297"
"bumbling-sweep-3","2025-01-15T13:23:22.000Z","796","finished","9.420139558517477","0.6","32","0.00011002694714102256","4.3936807071920436e-8","0.7053333333333334","0.6913407821229051","0.5809982021649679","0.6457925636007827","0.7675528289025222","0.7524285714285714","0.7380196523053666","0.5773743263312748","0.662415196743555","0.8524886877828054"
"lucky-sweep-4","2025-01-15T13:29:46.000Z","375","finished","7.685713565188541","0.2","128","0.000344095218899342","7.923172323052604e-7","0.718","0.6821938392186326","0.5658999979496002","0.5923026744944553","0.8493524199045671","0.7715714285714286","0.7408847836655323","0.46386431051152094","0.6203527815468114","0.9396681749622926"
"wild-sweep-5","2025-01-15T13:39:06.000Z","551","finished","3.258544257142711","0.6","256","0.0001420229664490311","0.000002806496993093052","0.7713333333333333","0.7647462277091907","0.48774484544992447","0.7273320287018917","0.8173142467620995","0.8344285714285714","0.8321019846443575","0.370907652590956","0.7793758480325644","0.8956259426847663"
"peachy-sweep-6","2025-01-15T13:53:26.000Z","852","finished","4.782110179346585","0.8","64","0.000027397190442136015","0.000002692171033063784","0.684","0.6812373907195696","0.6548186987638474","0.6607958251793868","0.7082481254260395","0.7048571428571428","0.6917338108027454","0.6625771692820958","0.6290366350067843","0.7891402714932126"
"eager-sweep-7","2025-01-15T13:58:58.000Z","323","finished","3.578551080430995","0.2","256","0.000719990459837429","0.0005669727222428756","0.505","0.6688963210702341","0.6468621442715327","0.9784735812133072","0.010224948875255624","0.5325714285714286","0.6882027825424052","0.6117992720433644","0.9799185888738128","0.03529411764705882"
"eager-sweep-8","2025-01-15T14:12:19.000Z","796","finished","9.75734839020854","0.2","32","0.000025994670028230468","1.2947584188367482e-8","0.481","0.6234582829504233","0.6587712268034617","0.8408349641226354","0.10497614178595774","0.49342857142857144","0.6374974442854222","0.6623749498810086","0.8461329715061058","0.10135746606334842"
"bumbling-sweep-9","2025-01-15T14:25:41.000Z","797","finished","6.292772825720884","0.8","32","0.00002281855945098189","2.076562622611313e-7","0.49933333333333335","0.6633796503809951","0.677834024031957","0.9654272667971298","0.012269938650306749","0.5154285714285715","0.6786052681447793","0.6791908868721553","0.9717774762550881","0.008144796380090498"
"wandering-sweep-10","2025-01-15T14:29:58.000Z","249","finished","5.570414025896832","0.6","128","0.0006202917987590117","0.006481580452656694","0.7203333333333334","0.7073596093477502","0.5650633076826731","0.6614481409001957","0.78186775732788","0.7821428571428571","0.7683427008962479","0.4724641293287277","0.6862957937584804","0.8886877828054298"
"eager-sweep-11","2025-01-15T14:43:21.000Z","795","finished","5.933513729104744","0.2","32","0.00004443567866903419","0.00008374423484419477","0.6846666666666666","0.6480654761904762","0.6201914896567663","0.5681669928245271","0.8064076346284935","0.7017142857142857","0.655786350148368","0.6249632430928094","0.5397557666214383","0.8817496229260935"
"generous-sweep-12","2025-01-15T14:58:04.000Z","873","finished","7.463755918071003","0.4","128","0.00001137552894765875","0.000936422509698724","0.671","0.6597724922440538","0.6390569160381953","0.62426614481409","0.7198364008179959","0.7014285714285714","0.6859975961538461","0.6449932690177645","0.6195386702849389","0.7924585218702865"
"jolly-sweep-13","2025-01-15T15:12:48.000Z","876","finished","7.64359438158335","0.5","256","0.000058115122670085815","0.000020800879281958263","0.7823333333333333","0.7909061799551713","0.5021937713027","0.8056099151989563","0.7580095432856169","0.8375714285714285","0.8484606157536985","0.399255351296493","0.8637720488466757","0.808446455505279"
"wobbly-sweep-14","2025-01-15T15:21:38.000Z","524","finished","8.240720816392468","0.6","256","0.00016532687391407143","0.0000310898398766239","0.724","0.775974025974026","0.6548786262671152","0.9354207436399217","0.5030674846625767","0.7578571428571429","0.8098710039259674","0.5238867199846676","0.9796472184531886","0.5113122171945701"
"fearless-sweep-15","2025-01-15T15:30:14.000Z","507","finished","3.192701862664431","0.6","64","0.0003555463280777003","0.000004091269057057228","0.7483333333333333","0.7049628761234857","0.5381438334782919","0.588388780169602","0.9154737559645535","0.7722857142857142","0.732640053673264","0.45722250640392303","0.5926729986431479","0.971945701357466"
"dandy-sweep-16","2025-01-15T15:44:02.000Z","822","finished","5.667601199791975","0.8","64","0.00014570282756246102","0.000008998064856691706","0.7493333333333333","0.7071651090342679","0.5230099782347679","0.5923026744944553","0.9134287661895024","0.7615714285714286","0.724632898861574","0.4641049046601568","0.5959294436906377","0.9457013574660633"
"autumn-sweep-17","2025-01-15T15:57:58.000Z","827","finished","3.33296245519281","0.4","64","0.000023002450332281164","0.0000571729632560513","0.4866666666666667","0.60431654676259","0.6423282573620478","0.7671232876712328","0.19359236537150648","0.48757142857142854","0.6056074766355141","0.6493284319128309","0.7473541383989145","0.19879336349924584"
"twilight-sweep-18","2025-01-15T16:11:54.000Z","828","finished","6.278880299071233","0.4","32","0.00010394223364114503","4.537298096881895e-8","0.705","0.7025210084033613","0.5795259028673172","0.6816699282452707","0.7293796864349011","0.7495714285714286","0.75257586450247","0.5582800103085381","0.7234735413839891","0.7785822021116139"
"fallen-sweep-19","2025-01-15T16:26:20.000Z","858","finished","7.790170546021125","0.5","64","0.000015350070783577988","0.00002722684220203205","0.4796666666666667","0.605509224159717","0.6663215061028799","0.781474233529028","0.16428084526244036","0.473","0.6001084010840109","0.6728827229567936","0.7511533242876527","0.16380090497737557"
"glamorous-sweep-20","2025-01-15T16:32:12.000Z","344","finished","6.517708800111979","0.4","256","0.0006919451115758468","0.000002160287849398649","0.6566666666666666","0.5266544117647058","0.5894754379987717","0.37377690802348335","0.9522835719154737","0.69","0.6012495406100699","0.5548137107065746","0.44396200814111264","0.963499245852187"
"denim-sweep-21","2025-01-15T16:37:33.000Z","316","finished","7.153454054707191","0.5","32","0.000480418322678256","0.00002419194843400776","0.7086666666666667","0.6946191474493362","0.5908085306485494","0.6484018264840182","0.7716428084526245","0.7678571428571429","0.7548649871775531","0.5331293983118874","0.6789687924016282","0.8666666666666667"
"skilled-sweep-22","2025-01-15T16:45:47.000Z","488","finished","9.165036563650396","0.5","64","0.00028435112815951936","0.0000010261268061582885","0.7626666666666667","0.7701743060038735","0.5061765983700752","0.7782126549249837","0.7464212678936605","0.824","0.8359083644112946","0.42137668494667324","0.8515603799185889","0.7933634992458521"
"fine-sweep-23","2025-01-15T16:53:37.000Z","461","finished","6.08164000017854","0.4","128","0.00023625542384881896","0.0033350173516879696","0.7723333333333333","0.7905550444648881","0.5702411606907845","0.8408349641226354","0.7007498295841854","0.8228571428571428","0.8383733055265902","0.430994203048093","0.8727272727272727","0.7674208144796381"
"deft-sweep-24","2025-01-15T17:05:05.000Z","682","finished","5.143598715396199","0.5","32","0.0002931820214982607","0.0000027602201102596","0.743","0.7104769057453999","0.5402753725647926","0.6170906718851924","0.874573960463531","0.7772857142857142","0.7559104430875215","0.45138026986803326","0.6550881953867028","0.9131221719457013"
"magic-sweep-25","2025-01-15T17:18:20.000Z","790","finished","4.90555660810297","0.5","32","0.0000100048317409271","4.912230312777812e-7","0.5106666666666667","0.6759381898454746","0.6860151241223017","0.9986953685583823","0.0006816632583503749","0.5248571428571429","0.6884017238148773","0.6861512256520135","0.9970149253731343","0"
"fresh-sweep-26","2025-01-15T17:19:31.000Z","62","finished","7.863037584490133","0.4","256","0.0004152854381907643","0.00037589342561480233","0.511","0.6763732627399074","0.68986347814401","1","0","0.5264285714285715","0.6897519887693028","0.689491902078901","1","0"
"balmy-sweep-27","2025-01-15T17:36:10.000Z","989","finished","4.307695709602028","0.8","256","0.000032160174670685377","7.651442429314297e-8","0.7303333333333333","0.6846003898635478","0.5359858771165212","0.5727332028701891","0.8950238582140423","0.7311428571428571","0.678949164107813","0.5344216472336224","0.5400271370420624","0.9435897435897436"
"wild-sweep-28","2025-01-15T17:44:27.000Z","492","finished","7.986114047051966","0.4","128","0.00024202211287130596","0.000010209330543036596","0.7533333333333333","0.746922024623803","0.5460977653662363","0.7123287671232876","0.7961826857532379","0.8282857142857143","0.8262503613761203","0.3885132744908333","0.7755766621438264","0.8868778280542986"
"efficient-sweep-29","2025-01-15T17:50:40.000Z","367","finished","6.952969049568026","0.6","32","0.00043901783978590226","0.0000030903773199256013","0.7166666666666667","0.7160988643954576","0.584764743844668","0.6992824527071102","0.7348329925017042","0.7808571428571428","0.783638928067701","0.5109830094235284","0.7538670284938942","0.8108597285067873"
"super-sweep-30","2025-01-15T17:54:26.000Z","219","finished","3.0793955904718615","0.6","32","0.00001119086219266566","0.0013720095470055986","0.5083333333333333","0.6740331491712708","0.6941670626401901","0.994781474233529","0","0.5261428571428571","0.6895066928765328","0.692233926483563","0.9994572591587517","0"
"peach-sweep-31","2025-01-15T18:00:06.000Z","332","finished","5.4740934317757315","0.2","32","0.000380832657527761","7.576703911538165e-8","0.7066666666666667","0.6656534954407295","0.5875889708598455","0.5714285714285714","0.8479890933878664","0.7407142857142858","0.7012345679012346","0.5310999708516257","0.5780189959294437","0.9215686274509803"
"lilac-sweep-32","2025-01-15T18:05:07.000Z","295","finished","7.532479281004301","0.2","32","0.00043291703117139256","0.00000107853382580808","0.7116666666666667","0.6687093067790119","0.5784735381603241","0.5694716242661448","0.8602590320381731","0.7335714285714285","0.6904564315352697","0.5359492972493172","0.5644504748982361","0.9215686274509803"
"lemon-sweep-33","2025-01-15T18:19:57.000Z","882","finished","5.695461462247133","0.4","128","0.000023001134414145205","0.006139752654523884","0.697","0.6583990980834273","0.6043813278277715","0.5714285714285714","0.8282208588957055","0.7318571428571429","0.699728043513038","0.5963652751275471","0.5934871099050204","0.8856711915535445"
"soft-sweep-34","2025-01-15T18:30:36.000Z","634","finished","7.024208141596524","0.6","128","0.00016836056232899174","3.5317764740163386e-8","0.7486666666666667","0.735252808988764","0.5131787409385046","0.6829745596868885","0.8173142467620995","0.8237142857142857","0.8164236834275513","0.3968267898474421","0.744640434192673","0.9116138763197587"
"gallant-sweep-35","2025-01-15T18:31:40.000Z","57","finished","5.931174397692716","0.8","64","0.0006114764670191288","2.860071598242354e-7","0.511","0.6763732627399074","0.6915454715490341","1","0","0.5264285714285715","0.6897519887693028","0.6904015115329197","1","0"
"breezy-sweep-36","2025-01-15T18:48:37.000Z","1012","finished","3.583601052342376","0.6","256","0.00001754101189721987","0.000006155399125789538","0.733","0.721584984358707","0.5685486197471619","0.6771037181996086","0.7914110429447853","0.7611428571428571","0.7529550827423168","0.5632867046764919","0.6914518317503392","0.8386123680241327"
"amber-sweep-37","2025-01-15T18:53:30.000Z","285","finished","4.054506348655922","0.4","128","0.0009246035564467324","0.0016474386378318284","0.757","0.7497425334706488","0.5635424678524336","0.7123287671232876","0.803680981595092","0.8187142857142857","0.8176986065220514","0.4194974643843515","0.7723202170963365","0.8702865761689291"
"dry-sweep-38","2025-01-15T19:02:47.000Z","548","finished","6.543156211213036","0.8","128","0.00014765572018287718","0.0000012449311962685925","0.7543333333333333","0.7627936916639846","0.5438196882605553","0.7729941291585127","0.7348329925017042","0.8064285714285714","0.8138991896717483","0.4585467683417456","0.8040705563093623","0.8090497737556561"
"olive-sweep-39","2025-01-15T19:17:13.000Z","860","finished","3.7454730571643102","0.2","128","0.000016102915036120543","0.00001284247471744442","0.6853333333333333","0.6418816388467374","0.6209390809138616","0.5518590998043053","0.8248125426039536","0.7124285714285714","0.6736910358242827","0.6228031984397343","0.5639077340569878","0.877526395173454"
"faithful-sweep-40","2025-01-15T19:20:37.000Z","198","finished","9.006592895136734","0.4","32","0.0007813367870413213","0.00008229111237876439","0.6823333333333333","0.619256891729924","0.5906426211198171","0.5055446836268754","0.8670756646216768","0.7134285714285714","0.6496681802305274","0.5478368997573853","0.5047489823609227","0.9453996983408748"
"crimson-sweep-41","2025-01-15T19:37:36.000Z","1012","finished","3.933859605947315","0.5","256","0.000027665557575484465","1.4711917930129422e-8","0.7233333333333334","0.6810146041506533","0.5284308219949404","0.5779517286366601","0.8752556237218814","0.7528571428571429","0.714332892998679","0.5105663569910186","0.5869742198100407","0.9372549019607843"
"cerulean-sweep-42","2025-01-15T19:51:00.000Z","795","finished","5.885590661183338","0.8","32","0.000030238713927320264","0.000015448301082955464","0.49166666666666664","0.6512691516121656","0.6710681915283203","0.928897586431833","0.034764826175869123","0.505","0.6674344946731932","0.673679089971951","0.9435549525101764","0.017496229260935144"
"stellar-sweep-43","2025-01-15T19:58:02.000Z","412","finished","4.490866939136754","0.8","64","0.00062398410919688","0.0003439386227148087","0.7743333333333333","0.7837751517087193","0.5377679864565531","0.8003913894324853","0.7471029311520109","0.8574285714285714","0.8652079956780119","0.3763335325888225","0.8691994572591587","0.8443438914027149"
"electric-sweep-44","2025-01-15T20:07:26.000Z","556","finished","5.672701275793877","0.8","64","0.00021328162405569897","0.00000929289224956692","0.77","0.7875615763546798","0.5320878227551779","0.8343118069145466","0.7027948193592365","0.8155714285714286","0.8293005421129181","0.4633130814347948","0.8510176390773405","0.7761689291101056"
"serene-sweep-45","2025-01-15T20:19:37.000Z","723","finished","4.196586804341532","0.6","64","0.00017471932954236203","3.4114778677686074e-7","0.7676666666666667","0.7768171629843099","0.5033171673615774","0.7912589693411611","0.7430129516019086","0.8357142857142857","0.8448461953588775","0.3945657493812697","0.8496607869742198","0.820211161387632"
"feasible-sweep-46","2025-01-15T20:30:03.000Z","616","finished","6.2181247471466214","0.8","256","0.0000819192541895958","0.0033416047586384543","0.733","0.6913294797687861","0.5312493791182836","0.5851272015655578","0.8875255623721882","0.7514285714285714","0.7072678331090175","0.49293982663324903","0.5704206241519675","0.9526395173453996"
"silvery-sweep-47","2025-01-15T20:41:16.000Z","664","finished","9.464379144729364","0.8","32","0.00024441893578936184","2.0456066646603401e-7","0.7326666666666667","0.7321309285237141","0.5645651618639628","0.7149380300065231","0.7511929107021131","0.7872857142857143","0.7876800228147726","0.5213194585272244","0.7495251017639077","0.8292609351432881"
"helpful-sweep-48","2025-01-15T20:54:34.000Z","791","finished","9.4353690316399","0.5","32","0.00012651213737525726","0.000005625855725897866","0.716","0.7142857142857143","0.5790029019117355","0.6947162426614482","0.7382413087934561","0.7657142857142857","0.7665148063781321","0.5580784465585437","0.7305291723202171","0.8048265460030166"
"balmy-sweep-49","2025-01-15T20:55:36.000Z","53","finished","6.238558199193667","0.5","64","0.00001024721870053044","0.00001820820966139337","0.511","0.6763732627399074","0.694905698299408","1","0","0.5262857142857142","0.6896293523025084","0.6931614088160651","0.9997286295793758","0"
"fast-sweep-50","2025-01-15T21:05:13.000Z","568","finished","4.373258002909035","0.5","256","0.00011890766356946417","0.000024266726642304945","0.763","0.7441525728679381","0.4992406368255615","0.6744944553163731","0.8554873892297206","0.8164285714285714","0.8025203626863378","0.3923497402242252","0.7085481682496608","0.9363499245852188"
"misty-sweep-51","2025-01-15T21:20:03.000Z","884","finished","5.964534192314224","0.4","128","0.00004605193825965306","0.00003669556771020393","0.7556666666666667","0.762244566980214","0.5597425848245621","0.766470971950424","0.7443762781186094","0.7925714285714286","0.7995028997514498","0.49667481013706755","0.7856173677069199","0.8003016591251886"
"chocolate-sweep-52","2025-01-15T21:34:01.000Z","830","finished","4.984238162638933","0.2","64","0.0001015043998863984","0.000073234732704064","0.734","0.6947207345065034","0.5143670961260796","0.5923026744944553","0.8820722563053851","0.768","0.7403261912376079","0.4703920451658113","0.6282225237449118","0.9233785822021117"
"sandy-sweep-53","2025-01-15T21:38:33.000Z","267","finished","4.264072828083518","0.2","32","0.0009601401975617468","0.0000011052684961247113","0.721","0.6961887477313975","0.5403125211596489","0.6255707762557078","0.8207225630538514","0.7915714285714286","0.7729182879377432","0.4288942420056888","0.6738127544097693","0.9224736048265461"
"hardy-sweep-54","2025-01-15T21:43:51.000Z","313","finished","9.193018193500611","0.2","128","0.0006567097912636293","0.0008346699038301058","0.7473333333333333","0.7439189189189189","0.5467785149812698","0.7181996086105675","0.7777777777777778","0.8167142857142857","0.8123994736072525","0.41816272267273497","0.7538670284938942","0.8865761689291101"
"balmy-sweep-55","2025-01-15T21:50:42.000Z","401","finished","4.913315777268181","0.2","256","0.000552578122266312","0.0023899347754875273","0.7543333333333333","0.7281445960900037","0.5171251942714056","0.6438356164383562","0.8698023176550784","0.8084285714285714","0.7944827586206896","0.4165159591606685","0.7033921302578019","0.9251885369532429"
"smooth-sweep-56","2025-01-15T22:04:03.000Z","795","finished","3.0602796271949773","0.6","32","0.000020795591754310863","3.289570028651443e-7","0.4866666666666667","0.644997694790226","0.6731375505526861","0.9125896934116112","0.04158145875937287","0.5015714285714286","0.6618858416513228","0.676286518573761","0.926729986431479","0.02895927601809955"
"super-sweep-57","2025-01-15T22:20:36.000Z","984","finished","3.787353282402338","0.4","256","0.00004029584158490206","4.452274185383267e-7","0.7416666666666667","0.7004252029377658","0.5153267979621887","0.5909980430528375","0.8991138377641446","0.7572857142857143","0.7130552271575747","0.4719901052968843","0.5728629579375848","0.9622926093514329"
"floral-sweep-58","2025-01-15T22:29:44.000Z","543","finished","9.431718173910202","0.6","32","0.000393253426840192","0.0005577400038093555","0.7523333333333333","0.7415652173913043","0.5499794632196426","0.695368558382257","0.8118609406952966","0.7988571428571428","0.789913458669054","0.4535997435450554","0.7183175033921303","0.8883861236802413"
"giddy-sweep-59","2025-01-15T22:43:13.000Z","799","finished","9.865957308711923","0.6","32","0.0000480381875487583","0.000019355974337698393","0.6863333333333334","0.6647666547915925","0.6237626572450002","0.6086105675146771","0.7675528289025222","0.7185714285714285","0.6939092604101926","0.6298253387212753","0.6059701492537314","0.8437405731523379"
"resilient-sweep-60","2025-01-15T22:57:04.000Z","825","finished","4.937389612796028","0.4","64","0.00002949134756425673","1.404359143254442e-7","0.7063333333333334","0.7032670932974066","0.6199324727058411","0.6810176125244618","0.732788002726653","0.7311428571428571","0.7254158155821419","0.6225661039352417","0.6746268656716418","0.7939668174962292"
"neat-sweep-1","2025-01-15T23:21:00.000Z","811","finished","7.1589747289868555","0.4","64","0.00009031200079445804","0.0027336118535111185","0.7466666666666667","0.738831615120275","0.5058497389157613","0.7012393998695369","0.7941376959781867","0.7927142857142857","0.79226914817466","0.46106685059411184","0.7508819538670285","0.8392156862745098"
"avid-sweep-2","2025-01-15T23:22:52.000Z","104","finished","3.6269286906904816","0.4","64","0.0059142339243303445","0.002533177463390691","0.511","0.6763732627399074","0.6930058201154073","1","0","0.5264285714285715","0.6897519887693028","0.6917592074189868","1","0"
"genial-sweep-3","2025-01-15T23:23:49.000Z","48","finished","8.247923662738284","0.8","128","0.003798424160050356","0.0002415511765890852","0.511","0.6763732627399074","0.6934038698673248","1","0","0.5264285714285715","0.6897519887693028","0.6917376433100019","1","0"
"resilient-sweep-4","2025-01-15T23:29:18.000Z","320","finished","6.764974382366065","0.2","128","0.0015316112676150085","0.00001555140912527476","0.5723333333333334","0.3701521845851743","0.6880173633495966","0.24592302674494454","0.9134287661895024","0.5434285714285715","0.3338891204668612","0.6832395536558968","0.21736770691994572","0.9058823529411765"
"comfy-sweep-5","2025-01-15T23:31:06.000Z","100","finished","4.568892461535341","0.2","64","0.0038175059427405567","0.0000915402511589266","0.511","0.6763732627399074","0.6931894322236379","1","0","0.5264285714285715","0.6897519887693028","0.6918151314769473","1","0"
"dulcet-sweep-6","2025-01-15T23:45:26.000Z","852","finished","5.542915468341595","0.2","64","0.00009704142984887508","0.00005394503842714599","0.7403333333333333","0.6979449398991857","0.5145638386408488","0.5870841487279843","0.9004771642808452","0.7671428571428571","0.7391165172855314","0.4722804916756494","0.6265943012211669","0.9233785822021117"
"ethereal-sweep-7","2025-01-15T23:54:59.000Z","565","finished","5.955816986907733","0.6","384","0.0003755643099188982","0.0000014338203370009543","0.7613333333333333","0.7629139072847683","0.5487077956398329","0.7514677103718199","0.7716428084526245","0.8432857142857143","0.8432185222238102","0.3779558688402176","0.8005427408412483","0.8907993966817497"
"sunny-sweep-8","2025-01-15T23:56:37.000Z","89","finished","9.37207754787348","0.5","256","0.004168095475713619","0.00009308657881266846","0.511","0.6763732627399074","0.6942039976517359","1","0","0.5264285714285715","0.6897519887693028","0.6923917382955551","1","0"
"worldly-sweep-9","2025-01-16T00:09:12.000Z","747","finished","3.8076662116330393","0.4","384","0.00011106649978709124","0.000023138511932782547","0.7413333333333333","0.7281009110021023","0.5221012954910597","0.6777560339204175","0.8077709611451943","0.8125714285714286","0.8004259202920596","0.4095562387789999","0.7139755766621438","0.9221719457013575"
"visionary-sweep-10","2025-01-16T00:14:12.000Z","293","finished","3.8532200411235737","0.5","128","0.0007749698577799464","0.000001100775325040594","0.5136666666666667","0.6710259301014656","0.671102782090505","0.9706457925636007","0.03612815269256987","0.5421428571428571","0.6917972882007886","0.5643377293433461","0.9761194029850746","0.05972850678733032"
"flowing-sweep-11","2025-01-16T00:15:23.000Z","62","finished","3.8963042178665415","0.6","256","0.0030136267995545746","0.00018212080783227435","0.511","0.6763732627399074","0.6933102160692215","1","0","0.5264285714285715","0.6897519887693028","0.691702087010656","1","0"
"faithful-sweep-12","2025-01-16T00:27:26.000Z","718","finished","8.820950893653045","0.6","320","0.00011075318259941787","0.0030162300825569807","0.7453333333333333","0.7114803625377644","0.5539267410834631","0.6144814090019569","0.8820722563053851","0.81","0.7869955156950673","0.40081354337079184","0.6667571234735414","0.9692307692307692"
"breezy-sweep-13","2025-01-16T00:28:25.000Z","54","finished","5.382338025281038","0.8","320","0.0011664311151519825","0.0000019188609332457908","0.511","0.6763732627399074","0.6933541198571523","1","0","0.5264285714285715","0.6897519887693028","0.6915998522724424","1","0"
"distinctive-sweep-14","2025-01-16T00:29:23.000Z","50","finished","4.801966412020911","0.6","256","0.0012677700596895414","0.0000033611754252368145","0.511","0.6763732627399074","0.6933597971995672","1","0","0.5264285714285715","0.6897519887693028","0.6916742431265968","1","0"
"brisk-sweep-15","2025-01-16T00:31:02.000Z","93","finished","7.448958082755152","0.5","384","0.0087559503895487","0.00011827554750461128","0.489","0","0.6946161637703577","0","1","0.4735714285714286","0","0.695494932787759","0","1"
"pretty-sweep-16","2025-01-16T00:39:34.000Z","507","finished","4.7020897344281645","0.5","256","0.0002292574628002312","0.0015799485925566026","0.7623333333333333","0.7336570788195742","0.506819819410642","0.6405740378343118","0.8895705521472392","0.8211428571428572","0.8040688575899844","0.38888807807649883","0.6971506105834464","0.958974358974359"
"expert-sweep-17","2025-01-16T00:46:30.000Z","411","finished","6.726665863535476","0.5","64","0.0003914879920205936","0.005176537597043759","0.7486666666666667","0.7495016611295681","0.519592635333538","0.735812133072407","0.7620995228357191","0.8217142857142857","0.825503355704698","0.40469962252037867","0.8010854816824966","0.8446455505279035"
"spring-sweep-18","2025-01-16T00:47:22.000Z","43","finished","3.010679626901116","0.2","64","0.001527077778227956","5.128300880527216e-7","0.511","0.6763732627399074","0.6921560019254684","1","0","0.5264285714285715","0.6897519887693028","0.6913067613329206","1","0"
"firm-sweep-19","2025-01-16T00:48:19.000Z","48","finished","4.087368341486717","0.8","64","0.009502824680682788","0.005639247285062576","0.511","0.6763732627399074","0.6934833625952402","1","0","0.5264285714285715","0.6897519887693028","0.6916861087083817","1","0"
"elated-sweep-20","2025-01-16T00:49:11.000Z","44","finished","9.115868912315898","0.4","192","0.004117759542902883","0.000008524473763679775","0.511","0.6763732627399074","0.693025752902031","1","0","0.5264285714285715","0.6897519887693028","0.6916136337178094","1","0"
"visionary-sweep-21","2025-01-16T00:54:42.000Z","323","finished","7.482822797360107","0.8","64","0.0006058030910666045","7.344423865543158e-7","0.7386666666666667","0.7076808351976137","0.5119190712769827","0.6190476190476191","0.863667348329925","0.7938571428571428","0.7714964370546318","0.43572995918137686","0.6610583446404342","0.9414781297134238"
"lunar-sweep-22","2025-01-16T00:55:30.000Z","43","finished","8.916439914459218","0.4","128","0.004044962619761456","0.0000020015542293225102","0.511","0.6763732627399074","0.6931733091672262","1","0","0.5264285714285715","0.6897519887693028","0.6918698932443347","1","0"
"blooming-sweep-23","2025-01-16T01:03:38.000Z","479","finished","4.5881481521671565","0.5","384","0.00022488513368008515","0.0012548384368694186","0.733","0.6967057932601287","0.5403553123275439","0.6001304631441617","0.8718473074301295","0.7704285714285715","0.74109875946512","0.4723017726625715","0.6241519674355496","0.9330316742081448"
"stoic-sweep-24","2025-01-16T01:10:05.000Z","379","finished","5.773423091444483","0.4","384","0.0004752571089098619","0.00016841952922217916","0.511","0.6763732627399074","0.6903844873110453","1","0","0.5265714285714286","0.6897584721962179","0.6824019040380206","0.9997286295793758","0.0006033182503770739"
"gentle-sweep-25","2025-01-16T01:23:50.000Z","820","finished","9.454248538274124","0.2","320","0.00008273094200151683","0.0012497724042866652","0.7266666666666667","0.6650326797385621","0.5873027990261713","0.5309849967384214","0.9311520109066121","0.7594285714285715","0.7103543171654627","0.4954711901290076","0.5603799185888738","0.9806938159879336"
"toasty-sweep-26","2025-01-16T01:29:58.000Z","363","finished","4.325123700626566","0.5","192","0.0008264580788676355","0.0000013995538783699676","0.5796666666666667","0.4218248509857863","0.6791113664706548","0.30006523157208087","0.8718473074301295","0.6245714285714286","0.49809014514896865","0.6357672108071191","0.3538670284938942","0.9254901960784314"
"bumbling-sweep-27","2025-01-16T01:36:22.000Z","378","finished","9.953771522796558","0.2","256","0.0001817204044322342","0.000009411403719599408","0.506","0.6640979147778785","0.655888502796491","0.9556425309849967","0.03612815269256987","0.5371428571428571","0.6914285714285714","0.5849694269044059","0.9850746268656716","0.0392156862745098"
"sage-sweep-28","2025-01-16T01:37:35.000Z","67","finished","8.983590088606865","0.2","256","0.00041678841853575","0.0016708623532584491","0.621","0.44072798819478604","0.6906651457150778","0.2922374429223744","0.9645535105657805","0.569","0.33296484634092416","0.6916962457554681","0.20434192672998644","0.9743589743589743"
"woven-sweep-29","2025-01-16T01:38:58.000Z","78","finished","4.898667157494304","0.4","64","0.00829142068767969","0.00000929836090341409","0.511","0.6763732627399074","0.693267876903216","1","0","0.5264285714285715","0.6897519887693028","0.6916466312749046","1","0"
"olive-sweep-30","2025-01-16T01:42:54.000Z","227","finished","4.9341927431646635","0.5","192","0.0009900289806845397","0.00018453051986607927","0.603","0.4690147124386982","0.6518556873003641","0.3431180691454664","0.874573960463531","0.6358571428571429","0.5156754702641079","0.6434741871697562","0.36824966078697424","0.9333333333333333"
"azure-sweep-31","2025-01-16T01:43:56.000Z","53","finished","5.868281142399946","0.6","256","0.0008697647711835377","0.0018287340686591444","0.511","0.6763732627399074","0.6931428809960684","1","0","0.5264285714285715","0.6897519887693028","0.6915015493120465","1","0"
"rosy-sweep-32","2025-01-16T01:53:44.000Z","579","finished","3.4718773588364984","0.6","320","0.00033035271845233176","0.0001019883065329762","0.7566666666666667","0.7695707070707071","0.5575662155946096","0.7951728636660144","0.7164280845262441","0.8494285714285714","0.8600637280934679","0.3989171545420374","0.8789687924016282","0.8165912518853695"
"generous-sweep-33","2025-01-16T02:02:40.000Z","531","finished","7.376526807011691","0.5","128","0.00019326543694571445","0.00003878404527755156","0.7366666666666667","0.7143890093998554","0.5215789477030436","0.644487932159165","0.8329925017041582","0.8068571428571428","0.7904525728456293","0.41995069491011755","0.6919945725915875","0.9345399698340875"
"pretty-sweep-34","2025-01-16T02:17:17.000Z","870","finished","8.790133044514835","0.5","256","0.00005930250609084832","0.0003399499253029981","0.7763333333333333","0.7784747441399802","0.4970567300915718","0.7690802348336595","0.7839127471029311","0.8341428571428572","0.8404562319637213","0.3890865445137024","0.8298507462686567","0.8389140271493213"
"lucky-sweep-35","2025-01-16T02:19:11.000Z","108","finished","6.651527315583274","0.6","128","0.005029385173208894","0.0005443674099505591","0.511","0.6763732627399074","0.6934706966082255","1","0","0.5264285714285715","0.6897519887693028","0.6915584802627563","1","0"
"volcanic-sweep-36","2025-01-16T02:33:16.000Z","835","finished","3.781047298520928","0.6","128","0.00009442032672978568","0.001750177381003863","0.7646666666666667","0.7732819524727039","0.5238473018010458","0.7853881278538812","0.7430129516019086","0.8221428571428572","0.8284887725582036","0.4065317437052727","0.816010854816825","0.8289592760180996"
"warm-sweep-37","2025-01-16T02:43:01.000Z","576","finished","8.701187974455447","0.5","384","0.0001883941615735194","0.0004552988229565285","0.736","0.7670588235294118","0.5954637030760447","0.8506196999347684","0.6162235855487389","0.8018571428571428","0.8278088144009932","0.47028836607933044","0.9047489823609226","0.6874811463046757"
"dainty-sweep-38","2025-01-16T02:44:00.000Z","51","finished","7.443418455378496","0.5","256","0.0017597570704584056","0.0000015190540943665945","0.511","0.6763732627399074","0.6934089809656143","1","0","0.5264285714285715","0.6897519887693028","0.6916775277682713","1","0"
"cosmic-sweep-39","2025-01-16T02:45:02.000Z","56","finished","6.794027750663644","0.8","256","0.0027054684317511864","0.00000186563255351601","0.511","0.6763732627399074","0.6933414240678152","1","0","0.5264285714285715","0.6897519887693028","0.6917028597423008","1","0"
"sage-sweep-40","2025-01-16T02:52:20.000Z","428","finished","8.729898214673163","0.4","128","0.00022502358299162877","0.000006196733919188854","0.7293333333333333","0.7047272727272728","0.5288729394475619","0.6320939334637965","0.830947511929107","0.789","0.7708301008533747","0.44350487525974003","0.6740841248303935","0.9167420814479638"
"sunny-sweep-41","2025-01-16T02:53:45.000Z","77","finished","7.991768716055901","0.5","128","0.009487542882163356","0.000044184094806678474","0.511","0.6763732627399074","0.6928703735272089","1","0","0.5264285714285715","0.6897519887693028","0.6923629577670779","1","0"
"decent-sweep-42","2025-01-16T03:03:18.000Z","568","finished","4.898620839720383","0.5","320","0.0001719518769216742","0.0011426564035935554","0.75","0.776918500892326","0.5820339173078537","0.8519243313763861","0.643490115882754","0.8102857142857143","0.8342899925131021","0.4582444429397583","0.90719131614654","0.7025641025641025"
"drawn-sweep-43","2025-01-16T03:08:21.000Z","297","finished","8.295074744743005","0.4","384","0.0006828752595805282","0.000606555868208362","0.645","0.5785516422635536","0.6561963160832723","0.47684279191128504","0.8207225630538514","0.6897142857142857","0.636058981233244","0.6533947778599603","0.5150610583446404","0.8838612368024132"
"radiant-sweep-44","2025-01-16T03:09:43.000Z","77","finished","7.907418345713108","0.4","64","0.00510989382408176","0.0000445679432696171","0.511","0.6763732627399074","0.6933978398640951","1","0","0.5264285714285715","0.6897519887693028","0.6916462097849164","1","0"
"blooming-sweep-45","2025-01-16T03:25:28.000Z","940","finished","5.60088399805764","0.8","384","0.00006528886055687826","0.0004166791661250775","0.5133333333333333","0.6642134314627415","0.6972370644410452","0.9419439008480104","0.065439672801636","0.5571428571428572","0.6997287872917474","0.5538220927119255","0.9801899592944369","0.08687782805429864"
"elated-sweep-46","2025-01-16T03:37:40.000Z","724","finished","8.537872630599793","0.6","192","0.00008295680499117773","0.0000036659902471706534","0.759","0.777195685670262","0.5213221162557602","0.822570123939987","0.6925698704839809","0.8308571428571428","0.8476582604220277","0.4296403782708304","0.8938941655359566","0.7607843137254902"
"atomic-sweep-47","2025-01-16T03:39:31.000Z","102","finished","9.105158661197418","0.8","384","0.00882737161958132","0.005772750719139403","0.511","0.6763732627399074","0.6954293747742971","1","0","0.5264285714285715","0.6897519887693028","0.6925813640866961","1","0"
"robust-sweep-48","2025-01-16T03:40:19.000Z","43","finished","3.38572609876606","0.4","64","0.0029869056338779655","0.0035547777783368237","0.511","0.6763732627399074","0.6929180969794592","1","0","0.5264285714285715","0.6897519887693028","0.691562831401825","1","0"
"polar-sweep-49","2025-01-16T03:51:54.000Z","686","finished","8.319681202504217","0.4","256","0.00009771015965484158","0.00012020263960654444","0.7563333333333333","0.7317431192660551","0.49275852491458255","0.6503587736464449","0.8670756646216768","0.8041428571428572","0.7828290828449231","0.4108162149786949","0.6705563093622795","0.9526395173453996"
"expert-sweep-50","2025-01-16T04:04:26.000Z","747","finished","6.8173489193838686","0.6","256","0.00008466652416978331","0.0000015955542647677474","0.7623333333333333","0.744718940207662","0.4945448661843936","0.6784083496412263","0.8500340831629175","0.8182857142857143","0.8095808383233533","0.3869058968765395","0.7337856173677069","0.9122171945701357"
"stoic-sweep-51","2025-01-16T04:16:21.000Z","708","finished","5.013125686153985","0.8","64","0.00017937387188301815","0.00003336095516150926","0.7606666666666667","0.7856716417910448","0.5303391739726067","0.8584474885844748","0.6584867075664622","0.811","0.8317008014247551","0.46021350366728647","0.8871099050203528","0.726395173453997"
"lilac-sweep-52","2025-01-16T04:20:50.000Z","260","finished","5.760099066119618","0.6","192","0.0005445575556768491","0.0001289234279980852","0.6953333333333334","0.6553544494720965","0.601294736067454","0.5668623613829094","0.8295841854124063","0.7191428571428572","0.6937694704049844","0.5687863422291619","0.6043419267299864","0.8467571644042232"
"ancient-sweep-53","2025-01-16T04:35:43.000Z","887","finished","5.993645997307688","0.2","128","0.00006500190852957447","0.00003187210013579679","0.7476666666666667","0.7560425394779245","0.557751884063085","0.7651663405088063","0.7293796864349011","0.8042857142857143","0.8127903798852145","0.46036739966699053","0.8070556309362279","0.8012066365007542"
"zany-sweep-54","2025-01-16T04:43:56.000Z","488","finished","8.264321701227972","0.5","256","0.00014412863756440905","0.0000015030002836732357","0.7603333333333333","0.7630971993410214","0.5129673679669698","0.7553816046966731","0.765507839127471","0.837","0.8403079076277117","0.40782671741076876","0.8146540027137043","0.8618401206636501"
"playful-sweep-55","2025-01-16T04:57:45.000Z","820","finished","6.899127557417401","0.8","64","0.00009819195174018682","0.0011237295661928783","0.7373333333333333","0.7531328320802005","0.5397333229581515","0.7840834964122635","0.6884798909338786","0.7931428571428571","0.8103222425988996","0.4963956219809396","0.839348710990502","0.7417797888386124"
"flowing-sweep-56","2025-01-16T05:03:43.000Z","353","finished","6.279457895295902","0.8","128","0.00025724801514350864","0.0000062552681383459345","0.7436666666666667","0.7494297816878462","0.5693170775969824","0.7501630789302022","0.7368779822767553","0.7914285714285715","0.7997256515775034","0.48093721589871813","0.7910447761194029","0.7918552036199095"
"sparkling-sweep-57","2025-01-16T05:17:28.000Z","819","finished","6.285868260704005","0.4","64","0.00009805650331610204","0.002770824392461026","0.7503333333333333","0.7115902964959568","0.5099850992361704","0.6027397260273972","0.9045671438309475","0.7674285714285715","0.7388514597369266","0.4697578570672444","0.6249660786974219","0.92579185520362"
"happy-sweep-58","2025-01-16T05:20:29.000Z","175","finished","8.51258742305409","0.4","192","0.001063506218650546","0.000001175438630215595","0.6236666666666667","0.4847101780009128","0.6626015653212866","0.34637964774951074","0.9134287661895024","0.6505714285714286","0.5560798548094373","0.6575953045061657","0.4157394843962008","0.9116138763197587"
"resilient-sweep-59","2025-01-16T05:29:33.000Z","539","finished","7.79036342104187","0.5","384","0.00020202965028099775","0.00012178632766471948","0.7386666666666667","0.7189964157706094","0.5340046882629395","0.6542726679712981","0.8268575323790047","0.8078571428571428","0.7953750190171915","0.41587646837745396","0.7093622795115332","0.9173453996983408"
"sweepy-sweep-60","2025-01-16T05:30:37.000Z","55","finished","6.7202337831959245","0.6","384","0.002420583556110806","0.0005080365714608846","0.511","0.6763732627399074","0.6932931145032247","1","0","0.5264285714285715","0.6897519887693028","0.6920427978038788","1","0"
"eager-sweep-61","2025-01-16T05:38:59.000Z","495","finished","7.266492770324903","0.2","192","0.00026420232901989033","8.763899177176551e-7","0.7313333333333333","0.669672131147541","0.6055166820685068","0.532941943900848","0.9386503067484663","0.7525714285714286","0.7005532503457814","0.4941838671054159","0.5497964721845319","0.9779788838612368"
"effortless-sweep-62","2025-01-16T05:40:16.000Z","70","finished","5.237042717675852","0.4","128","0.007834777288842153","0.00009583860201948956","0.511","0.6763732627399074","0.6929232627153397","1","0","0.5264285714285715","0.6897519887693028","0.6919646028961454","1","0"
"easy-sweep-63","2025-01-16T05:50:25.000Z","602","finished","3.785020897941836","0.2","192","0.00013475467173865654","0.0012833890406434055","0.7336666666666667","0.7703363035354988","0.571202759941419","0.8741030658838878","0.5869120654396728","0.8112857142857143","0.8390006093845216","0.48068628353731974","0.934056987788331","0.6748114630467572"
"pleasant-sweep-64","2025-01-16T05:51:58.000Z","85","finished","9.986895487486324","0.6","384","0.003916835827622007","0.0044943757054125765","0.511","0.6763732627399074","0.6935478746891022","1","0","0.5264285714285715","0.6897519887693028","0.6916315236261913","1","0"
"resilient-sweep-65","2025-01-16T05:59:14.000Z","428","finished","7.092617664372082","0.2","256","0.0004656332350293905","0.00010937369903232368","0.7123333333333334","0.6464563703400246","0.6640526304642359","0.5146771037181996","0.9188820722563054","0.743","0.6799501867995019","0.547217204102448","0.5185888738127544","0.9924585218702866"
"wild-sweep-66","2025-01-16T06:10:37.000Z","676","finished","5.990413286455792","0.2","320","0.00015921176943040083","0.001102713121672668","0.767","0.7776010181355393","0.5560044571757317","0.7971298108284409","0.7355146557600545","0.842","0.8525333333333334","0.39163216416324886","0.8675712347354139","0.8135746606334842"
"cerulean-sweep-67","2025-01-16T06:11:35.000Z","52","finished","8.207271640759913","0.2","320","0.0007677105065046586","0.00011625090352123768","0.511","0.6763732627399074","0.6929808209339777","1","0","0.5264285714285715","0.6897519887693028","0.6916235366037914","1","0"
"volcanic-sweep-68","2025-01-16T06:14:57.000Z","193","finished","9.709517141693098","0.2","256","0.0007022358141776715","0.0008433408464616583","0.707","0.7017305734645403","0.6550603707631429","0.6744944553163731","0.7409679618268575","0.7164285714285714","0.7118594861373204","0.6522217073610851","0.6654002713704206","0.7731523378582202"
"lunar-sweep-69","2025-01-16T06:27:12.000Z","728","finished","5.63799069168245","0.4","384","0.00011297156074661254","0.000006663931251580381","0.753","0.7590243902439024","0.5285276075204214","0.761252446183953","0.7443762781186094","0.8351428571428572","0.8372355430183357","0.41974480875900816","0.8054274084124831","0.8681749622926094"
"graceful-sweep-70","2025-01-16T06:37:17.000Z","600","finished","6.745010594346722","0.2","64","0.0002283515928701007","0.0000013535950176945252","0.7633333333333333","0.7864019253910951","0.5326829825838407","0.852576647097195","0.6700749829584185","0.8207142857142857","0.8388753370137373","0.4408513382077217","0.8865671641791045","0.7475113122171946"
"avid-sweep-71","2025-01-16T06:39:24.000Z","118","finished","8.222782725546185","0.5","128","0.005227742030324119","0.0022862499705044565","0.511","0.6763732627399074","0.6934399505456289","1","0","0.5264285714285715","0.6897519887693028","0.691556494150843","1","0"
"lemon-sweep-72","2025-01-16T06:40:16.000Z","47","finished","5.737960559573077","0.8","192","0.0008639883674136798","0.0015306549740588709","0.511","0.6763732627399074","0.6924107919136683","1","0","0.5264285714285715","0.6897519887693028","0.690822714141437","1","0"
"azure-sweep-73","2025-01-16T06:41:23.000Z","57","finished","7.624713993080012","0.4","192","0.007786146228010791","0.00008762775320278861","0.489","0","0.6933885713418325","0","1","0.4735714285714286","0","0.6936418158667428","0","1"
"swift-sweep-74","2025-01-16T06:42:37.000Z","69","finished","6.367980007504394","0.8","384","0.00077637730767049","0.000002650199866597049","0.511","0.6763732627399074","0.6931762595971426","1","0","0.5264285714285715","0.6897519887693028","0.6917673881564822","1","0"
"dark-sweep-75","2025-01-16T06:43:27.000Z","42","finished","5.618652582697719","0.6","128","0.0022384815713240407","0.0000022870447663917924","0.511","0.6763732627399074","0.6932579278945923","1","0","0.5264285714285715","0.6897519887693028","0.6916588119098118","1","0"
"eager-sweep-76","2025-01-16T06:44:31.000Z","55","finished","6.065701715841087","0.2","320","0.003596749903853893","5.704110757694902e-7","0.511","0.6763732627399074","0.6931390017271042","1","0","0.5264285714285715","0.6897519887693028","0.6915931850671768","1","0"
"tough-sweep-77","2025-01-16T06:46:34.000Z","116","finished","7.97095560866681","0.2","192","0.009676540801940315","0.0008303985382170219","0.511","0.6763732627399074","0.6929343293110529","1","0","0.5264285714285715","0.6897519887693028","0.6925987899303436","1","0"
"fine-sweep-78","2025-01-16T07:00:51.000Z","850","finished","7.139745440299309","0.6","64","0.00005732460911319209","0.005793576183085622","0.7226666666666667","0.7232202262142382","0.5706063459316889","0.7090671885192433","0.7368779822767553","0.765","0.7678848596020883","0.5504838260156768","0.7383989145183175","0.7945701357466063"
"fragrant-sweep-79","2025-01-16T07:08:09.000Z","433","finished","7.770524410334607","0.2","320","0.000437164573145212","7.464619204358882e-7","0.525","0.671280276816609","0.615319699048996","0.949119373776908","0.081799591002045","0.5492857142857143","0.6942533191200698","0.539812374327864","0.9720488466757123","0.07933634992458521"
"still-sweep-80","2025-01-16T07:09:32.000Z","75","finished","7.6724690842569485","0.4","256","0.00028638998845687225","0.000003110742782115452","0.511","0.6763732627399074","0.6875285506248474","1","0","0.5262857142857142","0.6896293523025084","0.6874809627022062","0.9997286295793758","0"
"astral-sweep-81","2025-01-16T07:10:33.000Z","54","finished","3.673963508349571","0.8","320","0.0020667443672618985","5.581985707198506e-7","0.511","0.6763732627399074","0.6932901491721472","1","0","0.5264285714285715","0.6897519887693028","0.6915597596338817","1","0"
"bright-sweep-82","2025-01-16T07:23:55.000Z","794","finished","5.705543791176284","0.5","192","0.00009441823473848844","0.00005043161523307884","0.7743333333333333","0.7860979462875197","0.5051203345259031","0.8114807566862361","0.7355146557600545","0.8588571428571429","0.8693812797461661","0.36102902569941114","0.8922659430122116","0.8217194570135746"
"devout-sweep-83","2025-01-16T07:37:58.000Z","838","finished","3.2379950076653596","0.8","64","0.0000911856705487452","0.00008404400147797556","0.73","0.7628805620608899","0.572164515654246","0.8499673842139596","0.6046353101567825","0.7712857142857142","0.8045892835347248","0.5422254577279091","0.8944369063772049","0.6343891402714932"
"kind-sweep-84","2025-01-16T07:51:45.000Z","820","finished","5.606442000445716","0.5","64","0.00007843964830427241","0.003777671582553796","0.7356666666666667","0.7617903274256533","0.5540009637673696","0.827136333985649","0.6400817995910021","0.7937142857142857","0.8160978094752929","0.5169342554041317","0.8694708276797829","0.709502262443439"
"dandy-sweep-85","2025-01-16T07:52:48.000Z","53","finished","8.620068560904055","0.4","256","0.0006261127596390542","0.00003282863758593538","0.511","0.6763732627399074","0.6924274861812592","1","0","0.5264285714285715","0.6897519887693028","0.6910143856491361","1","0"
"quiet-sweep-86","2025-01-16T08:01:31.000Z","514","finished","6.606614727149987","0.5","64","0.000308563746680901","0.0001860651430612783","0.7443333333333333","0.7744780946780359","0.5864715874195099","0.8590998043052838","0.6244035446489434","0.8175714285714286","0.8416615003099814","0.4462214208074978","0.9210312075983718","0.7025641025641025"
"sage-sweep-87","2025-01-16T08:04:44.000Z","185","finished","8.698439509615227","0.4","320","0.004020010241084227","0.0032647586819754674","0.511","0.6763732627399074","0.6929565270741781","1","0","0.5264285714285715","0.6897519887693028","0.6917848310300282","1","0"
"deft-sweep-88","2025-01-16T08:06:18.000Z","89","finished","6.592257744362744","0.4","192","0.005773223182540615","0.0000014575475491455662","0.511","0.6763732627399074","0.6930562208096186","1","0","0.5264285714285715","0.6897519887693028","0.6918208960975919","1","0"
"sweet-sweep-89","2025-01-16T08:07:35.000Z","68","finished","5.249622466299435","0.4","192","0.006237636615287068","0.0003043136296784962","0.511","0.6763732627399074","0.6928996791442236","1","0","0.5264285714285715","0.6897519887693028","0.6919681131839752","1","0"
"scarlet-sweep-90","2025-01-16T08:15:44.000Z","480","finished","9.809858055828954","0.6","384","0.0004091598439413164","0.000014353766790674927","0.489","0","0.7055715918540955","0","1","0.489","0.057940479325783514","0.7009797351700919","0.029850746268656716","0.9993966817496229"
"solar-sweep-91","2025-01-16T08:22:28.000Z","398","finished","6.8306082056090895","0.2","192","0.0004393170132893734","0.000121907175145026","0.5123333333333333","0.671604938271605","0.7447257985671362","0.9758643183300717","0.02794819359236537","0.5347142857142857","0.6917179365830572","0.6355877454791751","0.9915875169606513","0.026847662141779787"
"electric-sweep-92","2025-01-16T08:32:26.000Z","587","finished","3.396254768972093","0.2","64","0.00018106905955604357","0.000897759647025013","0.748","0.7065217391304348","0.5122062514225642","0.593607305936073","0.9093387866394002","0.7545714285714286","0.7203776041666666","0.46928138924496515","0.6005427408412483","0.92579185520362"
"bright-sweep-93","2025-01-16T08:37:25.000Z","290","finished","3.0459986322050643","0.4","64","0.0008691227768196552","0.00008890981412664134","0.767","0.7527414220021224","0.5386555219690005","0.6940639269406392","0.8432174505794138","0.8265714285714286","0.8229804607757364","0.38577466564519064","0.7658073270013569","0.8941176470588236"
"glowing-sweep-94","2025-01-16T08:48:15.000Z","644","finished","4.940620409645435","0.4","128","0.00014993571669086786","0.000006523537976396814","0.759","0.7506036564332529","0.530527780453364","0.7097195042400521","0.8104976141785958","0.8244285714285714","0.8214960058097313","0.40678576486451284","0.7674355495251017","0.8877828054298642"
"stellar-sweep-95","2025-01-16T08:56:07.000Z","463","finished","3.296102198958612","0.5","192","0.0002434790663961453","9.029430306731008e-7","0.7656666666666667","0.7756144270667092","0.5383152738213539","0.7925636007827789","0.7375596455351057","0.8302857142857143","0.8433957289744266","0.4398315836276327","0.8681139755766621","0.788235294117647"
"worldly-sweep-96","2025-01-16T09:01:28.000Z","313","finished","3.05221392876157","0.5","64","0.0009762301722925784","0.0018656750744392517","0.7483333333333333","0.7079303675048356","0.5550604859987894","0.5968688845401174","0.9066121336059987","0.8111428571428572","0.7875281260045002","0.4034832449895995","0.6648575305291723","0.9737556561085973"
"swift-sweep-97","2025-01-16T09:02:29.000Z","56","finished","6.36152281095306","0.2","320","0.0018139037267519396","0.00003779926895388324","0.511","0.6763732627399074","0.6932122806708018","1","0","0.5264285714285715","0.6897519887693028","0.6916799715587071","1","0"
"youthful-sweep-98","2025-01-16T09:11:01.000Z","506","finished","6.397746983371742","0.5","256","0.00021332297717825872","6.467376284387568e-7","0.7593333333333333","0.7345588235294118","0.488392395277818","0.6516634050880626","0.8718473074301295","0.8151428571428572","0.7969240426867545","0.383207231760025","0.6890094979647219","0.9553544494720966"
"unique-sweep-99","2025-01-16T09:12:14.000Z","67","finished","4.473648117375499","0.2","256","0.0004358770777557327","0.000013540982288440836","0.686","0.6466616654163541","0.6910038044055303","0.5622961513372472","0.8152692569870484","0.6828571428571428","0.6290106951871658","0.6917636394500732","0.510719131614654","0.8742081447963801"
"distinctive-sweep-100","2025-01-16T09:24:27.000Z","723","finished","8.79821630855962","0.6","384","0.0000957823541577228","0.000006773844998689431","0.7376666666666667","0.6971912273951519","0.5416088104248047","0.5909980430528375","0.89093387866394","0.7637142857142857","0.7262495862297252","0.47020211283649715","0.5953867028493894","0.9508295625942684"
"clean-sweep-101","2025-01-16T09:25:32.000Z","56","finished","8.407989663308605","0.8","320","0.0011624042411375018","0.008276617912021125","0.511","0.6763732627399074","0.6932621697584788","1","0","0.5264285714285715","0.6897519887693028","0.6916540371520179","1","0"
"quiet-sweep-102","2025-01-16T09:27:17.000Z","59","finished","9.673842417362462","0.8","256","0.0003092542456900275","0.0000016890681284970998","0.511","0.6763732627399074","0.6918953508138657","1","0","0.5264285714285715","0.6897519887693028","0.6906169142041888","1","0"
"dainty-sweep-103","2025-01-16T09:28:45.000Z","80","finished","7.441653117186592","0.4","256","0.00030559703375672437","0.006378826306436868","0.511","0.6763732627399074","0.6933534493048986","1","0","0.5264285714285715","0.6897519887693028","0.6909055901425225","1","0"
"peach-sweep-104","2025-01-16T09:29:38.000Z","46","finished","8.17353862477162","0.8","128","0.003788490081429023","0.005862324306497937","0.511","0.6763732627399074","0.6934003631273905","1","0","0.5264285714285715","0.6897519887693028","0.6917365491390228","1","0"
"legendary-sweep-105","2025-01-16T09:30:46.000Z","62","finished","6.1503078251376655","0.4","256","0.0009620088943634712","0.0003385172562416507","0.511","0.6763732627399074","0.6931769847869873","1","0","0.5264285714285715","0.6897519887693028","0.6915563068219593","1","0"
"toasty-sweep-106","2025-01-16T09:32:15.000Z","79","finished","4.034484677167942","0.4","64","0.007426435423513256","0.0032719548959133093","0.511","0.6763732627399074","0.6929456243912379","1","0","0.5264285714285715","0.6897519887693028","0.6926064044237137","1","0"
"good-sweep-107","2025-01-16T09:42:29.000Z","606","finished","3.481191583337","0.6","256","0.00019570445206783932","0.007658008905573135","0.5243333333333333","0.6685249709639953","0.6676314125458399","0.9386823222439661","0.09134287661895024","0.575","0.7092170853289024","0.5218994276864188","0.9845318860244233","0.11975867269984918"
"usual-sweep-108","2025-01-16T09:57:01.000Z","863","finished","3.969781636368859","0.5","64","0.00010594207509688257","0.000019059646712702553","0.752","0.7242401779095626","0.497037336230278","0.6373124592302675","0.8718473074301295","0.7778571428571428","0.7568412822517592","0.4495184932436262","0.6567164179104478","0.9125188536953243"
"driven-sweep-109","2025-01-16T09:57:55.000Z","46","finished","5.293345292908896","0.2","192","0.0023132220795701","0.000013111523885543936","0.511","0.6763732627399074","0.6932433942953745","1","0","0.5264285714285715","0.6897519887693028","0.6917316168546677","1","0"
"proud-sweep-110","2025-01-16T09:58:57.000Z","57","finished","8.182464654815643","0.5","256","0.0004653683597676076","0.00034717414502426257","0.511","0.6763732627399074","0.6918032219012579","1","0","0.5264285714285715","0.6897519887693028","0.690581847514425","1","0"
"easy-sweep-111","2025-01-16T10:00:55.000Z","113","finished","4.907781220367518","0.2","128","0.005154436174204434","0.00001681425870548816","0.511","0.6763732627399074","0.6935252994298935","1","0","0.5264285714285715","0.6897519887693028","0.691563504082816","1","0"