Position,Column Score,Column p-value,Alignment,Gap Weight,Over Gap Weight Threshold,Hydropathy,Polarity,Charge,Volume,Free energy alpha,Free energy beta,A,C,D,E,F,G,H,I,K,L,M,N,P,Q,R,S,T,V,W,Y,A,C,D,E,F,G,H,I,K,L,M,N,P,Q,R,S,T,V,W,Y,Good Amino Acids,Bad Amino Acids
1,24.07,7.95E-05,'MMMMMMMM,0,N,8.47E-02,5.40E-02,1.00E+00,2.38E-01,7.16E-02,3.04E-01,20.48,26.32,34.69,29.9,15.08,26.02,20.98,21.99,27.72,13.49,0.13,18.48,36.3,15.25,32.16,21.56,25.97,30.01,21.52,26,0.0002023,0.00004717,0.000009283,0.00002231,0.001144,0.00005038,0.0001758,0.000134,0.00003478,0.002116,1,0.0003638,0.000007097,0.001075,0.00001454,0.0001505,0.00005096,0.00002185,0.0001521,0.00005066,M,ACDEFGHIKLNPQRSTVWY
2,2.7,7.18E-01,'RRRRRIST,0,N,1.00E+00,1.00E+00,9.99E-01,1.00E+00,1.00E+00,1.00E+00,4.5,2.69,3.99,4.99,2.34,3.03,1.43,2.48,2.7,2.64,2.56,2.72,7.89,2.68,2.48,1.9,2.41,3.38,3.44,2.96,0.2684,0.7201,0.3664,0.1955,0.8158,0.6203,0.9747,0.7787,0.716,0.7355,0.7587,0.7106,0.03221,0.7228,0.7784,0.9148,0.7985,0.5198,0.5041,0.6413,ACDEFGHIKLMNPQRSTVWY,
3,9.3,1.47E-02,'AAAAAVAA,0,N,7.21E-01,2.62E-01,1.00E+00,8.79E-01,8.16E-01,1.00E+00,1.24,5.68,41.49,35.68,7.09,8.77,14.16,4.93,30.75,4.82,6.67,16.63,17.19,13.04,38.22,7.54,8.04,5.2,9.8,10.26,0.9874,0.1253,0.000003217,0.000007866,0.05177,0.01955,0.001622,0.204,0.00001891,0.2187,0.06683,0.0006616,0.0005495,0.002544,0.000005234,0.03951,0.02948,0.1713,0.01132,0.008963,ACFGILMSTVW,DEHKNPQRY
4,6.54,7.27E-02,'LLLLLSLL,0,N,9.19E-01,4.65E-01,1.00E+00,1.00E+00,9.95E-01,9.90E-01,5.36,5.25,31.45,28.95,3.86,4.34,12.35,4.72,27,0.8,3.77,10.02,11.5,7.71,30.7,3.41,5.79,7.21,5.02,8.36,0.154,0.1652,0.00001658,0.00002695,0.3966,0.297,0.003397,0.2321,0.00004062,0.9988,0.4181,0.0101,0.004976,0.03558,0.00001911,0.5122,0.1166,0.04819,0.1917,0.0246,ACFGILMNQSTVWY,DEHKPR
5,15.32,1.05E-03,'IIIILIVL,0,N,4.56E-02,8.29E-02,1.00E+00,9.30E-01,8.48E-01,8.24E-01,10.25,9,38.7,33.49,6.95,16.16,17.75,0.97,28.35,3.05,10.1,17.62,20.21,15.59,34.33,14.97,15.48,5.28,15.16,13.76,0.009043,0.01726,0.00000486,0.00001143,0.05619,0.0007776,0.0004578,0.9965,0.00003052,0.614,0.009701,0.0004781,0.000218,0.00095,0.000009874,0.001193,0.0009902,0.1628,0.001111,0.001895,CFILV,ADEGHKMNPQRSTWY
6,3.7,4.36E-01,'IIIILDVI,0,N,9.93E-01,1.00E+00,1.00E+00,1.00E+00,9.98E-01,9.99E-01,5.3,3.34,4.26,5.48,2.56,6.01,3.21,1.14,3.74,2.63,3.65,3.21,10.98,3.02,4.06,4.31,3.91,1.74,5.02,3.35,0.1599,0.532,0.3103,0.143,0.7567,0.1017,0.5686,0.9917,0.4251,0.7363,0.4475,0.5666,0.006326,0.6219,0.3522,0.3016,0.3843,0.9394,0.1917,0.5293,ACDEFGHIKLMNQRSTVWY,P
7,15.47,9.93E-04,'VVVVVVVI,0,N,2.59E-02,9.48E-02,1.00E+00,1.00E+00,9.92E-01,3.15E-02,20.54,5.11,32.04,29.32,10.94,14.68,17.4,4.49,28.03,12.87,17.04,15.5,25.14,15.44,31.51,13.62,13.62,1.48,18.66,13.17,0.0001991,0.1809,0.00001484,0.00002502,0.006446,0.001329,0.0005128,0.2702,0.00003259,0.002729,0.0005768,0.0009832,0.00006167,0.001003,0.0000164,0.002005,0.002004,0.9705,0.0003451,0.002405,CIV,ADEFGHKLMNPQRSTWY
8,21.44,1.55E-04,'DDDDDDDD,0,N,5.03E-02,2.29E-02,1.66E-02,1.06E-01,5.89E-01,2.58E-02,29.51,19,0.15,23.98,23.85,20.85,20.32,24.19,21.49,26.81,25.9,13.97,33.24,20.44,21.39,18.5,19.31,22.25,29.64,21.06,0.0000241,0.0003106,1,0.00008121,0.00008385,0.0001825,0.0002117,0.00007723,0.0001533,0.00004229,0.00005183,0.001747,0.00001196,0.0002044,0.0001572,0.0003619,0.0002837,0.0001254,0.00002349,0.0001721,D,ACEFGHIKLMNPQRSTVWY
9,7.41,4.25E-02,'VVLVLAVM,0,N,6.14E-01,2.39E-01,1.00E+00,1.00E+00,9.32E-01,9.99E-01,3.12,5.15,36.57,31.95,3.52,7.66,13.35,2.2,27.97,1.97,4.48,13.51,15.03,10.59,33.16,6.62,7.17,4.21,6.69,8.47,0.5947,0.1766,0.0000068,0.0000151,0.4817,0.03685,0.002236,0.8512,0.00003305,0.901,0.2705,0.002092,0.001165,0.007638,0.00001213,0.06884,0.04937,0.32,0.06619,0.02303,ACFGILMSTVWY,DEHKNPQR
10,10.46,8.13E-03,'QQQQQQQI,0,N,1.00E+00,1.00E+00,1.00E+00,9.99E-01,3.54E-01,1.00E+00,10.3,10.74,27.99,24.18,6.54,19.46,12.1,2.48,23.31,4.59,6.44,10.5,42.86,0.78,23.86,12.02,10.42,5.47,10.3,8.86,0.008812,0.007109,0.00003291,0.0000773,0.07241,0.000271,0.003789,0.7802,0.00009569,0.2526,0.07719,0.007977,0.000002651,0.9989,0.00008358,0.003942,0.008279,0.1437,0.0088,0.01856,FILMQVY,ACDEGHKNPRSTW
11,8.39,2.41E-02,'NNNNNKNN,0,N,6.24E-02,7.80E-01,1.00E+00,9.99E-01,9.98E-01,5.50E-01,19.68,20.71,6.11,6.62,20.76,10.27,4.83,28.25,4.19,26.29,16.79,0.96,14.46,3.64,7.34,7.46,8.06,27.43,7.76,8.71,0.0002545,0.0001899,0.09492,0.06904,0.0001871,0.008946,0.2169,0.00003112,0.3251,0.00004748,0.0006279,0.9967,0.001445,0.4512,0.04453,0.04142,0.02918,0.00003705,0.03463,0.0202,DEHKNQRSTWY,ACFGILMPV
12,5.65,1.28E-01,'DDDDDTGD,0,N,9.84E-01,9.99E-01,9.82E-01,9.27E-01,9.73E-01,9.89E-01,7.68,4.69,1.48,8.17,6.69,3.64,3.94,7.6,5.47,8.16,6.84,2.47,10.4,5.12,5.83,2.3,2.41,6.59,6.99,4.46,0.03632,0.2379,0.9705,0.02729,0.06603,0.4507,0.3777,0.03809,0.1438,0.02743,0.06016,0.7828,0.008372,0.1801,0.1139,0.8269,0.7995,0.07056,0.05499,0.2743,ACDEFGHIKLMNQRSTVWY,P
13,19.02,3.09E-04,'FFFFFFFF,0,N,4.20E-02,4.75E-02,1.00E+00,3.71E-02,9.83E-01,5.00E-02,27.4,17.91,32.39,32.98,0.11,22.93,19.98,10.86,29.11,12.82,15.45,18.36,37.94,18.6,32.25,19.43,20.52,17.61,14.67,16.28,0.00003727,0.0004359,0.00001394,0.00001252,1,0.0001052,0.0002329,0.006711,0.00002611,0.002786,0.001001,0.0003778,0.000005469,0.0003512,0.00001429,0.0002736,0.0001997,0.0004788,0.001333,0.0007471,F,ACDEGHIKLMNPQRSTVWY
14,6.26,8.65E-02,'CCCCCTTQ,0,N,1.00E+00,1.00E+00,1.00E+00,9.73E-01,1.00E+00,9.99E-01,7.26,1.97,24.44,23.7,6.26,4.42,11.76,4.21,24.32,6.27,6.47,3.79,10.95,4.4,24.35,2.31,1.7,2.68,9.48,5.73,0.04674,0.9017,0.00007267,0.0000868,0.08683,0.2811,0.004422,0.3213,0.00007484,0.0861,0.07583,0.4132,0.006423,0.285,0.0000743,0.824,0.9458,0.7243,0.01334,0.1217,ACFGILMNQSTVWY,DEHKPR
15,4.55,2.59E-01,'EEAEAPPS,0,N,1.00E+00,1.00E+00,1.00E+00,8.62E-01,1.00E+00,9.78E-01,2.4,3.44,5.68,5.75,5.79,3.8,3.96,5.65,5.58,5.36,3.84,2.18,2.6,3.21,7.12,2.89,3.59,5.08,7.93,5.91,0.8022,0.5025,0.1257,0.1202,0.1171,0.4111,0.3733,0.128,0.1337,0.1537,0.4008,0.8569,0.7462,0.5672,0.05071,0.6606,0.4626,0.1849,0.0314,0.108,ACDEFGHIKLMNPQRSTVWY,
16,4.34,2.97E-01,'GGGGGPGH,0,N,1.00E+00,1.00E+00,1.00E+00,9.89E-01,9.88E-01,9.92E-01,4.85,4.3,10.36,9.28,4.51,1.27,3.6,6.74,7.71,6.43,3.94,3.23,3.7,3.43,11.04,1.4,2.91,6.59,4.36,4.31,0.2145,0.3038,0.008543,0.01487,0.2664,0.9861,0.4609,0.06412,0.03559,0.07766,0.3786,0.5614,0.4347,0.5074,0.006169,0.9776,0.6557,0.07019,0.2916,0.3018,ACEFGHIKLMNPQSTVWY,DR
17,7.35,4.41E-02,'GGGGGDGG,0,N,1.00E+00,1.00E+00,1.00E+00,5.29E-01,6.68E-01,6.26E-01,7.67,7.67,5.21,9.51,7.66,1.17,6.65,9.72,6.62,7.3,6.22,4.58,10.57,6.7,7.34,3.03,7.37,11.11,8.49,9.86,0.03657,0.03643,0.1702,0.01317,0.03672,0.9905,0.06763,0.01181,0.06899,0.04556,0.08898,0.2541,0.007723,0.06559,0.04438,0.6209,0.04374,0.005966,0.02284,0.011,ACDEFGHIKLMNQRSTWY,PV
18,4.17,3.29E-01,'SSASAENP,0,N,1.00E+00,1.00E+00,1.00E+00,9.39E-01,1.00E+00,9.52E-01,2.41,4.25,3.76,4.09,5.11,3.87,3.67,5.23,4.46,4.31,3.28,1.3,3.3,2.54,5.56,3.19,4.32,5.55,7.06,5.83,0.7979,0.3138,0.4204,0.3458,0.1809,0.3939,0.4428,0.1674,0.2749,0.3015,0.5477,0.9839,0.5435,0.7625,0.1352,0.5738,0.2997,0.1365,0.05253,0.1138,ACDEFGHIKLMNPQRSTVWY,
19,18.11,4.09E-04,'LVLLLLLI,0,N,4.67E-02,7.76E-02,1.00E+00,5.43E-01,4.87E-01,9.11E-01,14.56,14.12,41.17,34.21,7.48,23.21,19.26,2.8,29.11,1.58,9.75,21.08,27.08,17.18,35.27,19.89,19,8.94,16.66,15.45,0.001391,0.001643,0.000003369,0.0000101,0.041,0.000098,0.000288,0.6874,0.00002611,0.9607,0.0116,0.0001712,0.00003991,0.0005514,0.000008424,0.0002389,0.0003112,0.0178,0.0006545,0.0009984,FILMV,ACDEGHKNPQRSTWY
20,3.79,4.14E-01,'APPAAPAL,0,N,9.99E-01,8.87E-01,1.00E+00,9.99E-01,1.00E+00,9.98E-01,1.69,2.64,30.01,29.09,3.65,3.25,11.4,2.48,24.74,2.14,3.51,7.36,2.06,6.44,27.38,3.13,3.92,2.85,4.9,4.88,0.9473,0.7354,0.00002184,0.00002621,0.4478,0.5566,0.0052,0.7806,0.00006774,0.865,0.4832,0.04388,0.8829,0.07733,0.00003738,0.5911,0.3824,0.6734,0.2071,0.2105,ACFGILMNPQSTVWY,DEHKR
21,7.54,3.95E-02,'VVVVVVVA,0,N,4.67E-01,1.95E-01,1.00E+00,1.00E+00,9.98E-01,9.94E-01,4.45,3.02,38.36,33.39,6.15,7.16,13.12,2.89,29.23,4.11,7.57,14.06,13.77,10.96,35.76,6.2,6.64,1.38,8.52,7.51,0.2771,0.6228,0.000005118,0.00001164,0.09271,0.04968,0.002459,0.6621,0.00002547,0.3411,0.03886,0.001685,0.001885,0.006378,0.00000776,0.09,0.06826,0.9791,0.02247,0.04016,ACFGILMSTVWY,DEHKNPQR
22,3.32,5.36E-01,'TAHTPNAK,0,N,1.00E+00,1.00E+00,1.00E+00,1.00E+00,1.00E+00,9.95E-01,2.72,3.47,3.98,3.96,3.32,2.67,2.45,4.14,2.49,3.32,2.27,1.19,3.26,1.9,3.73,2.41,3.48,4.64,4.24,4.09,0.7102,0.4942,0.3688,0.3741,0.5357,0.7246,0.7881,0.335,0.7774,0.5356,0.8338,0.9899,0.553,0.9146,0.4285,0.7981,0.4928,0.2457,0.3148,0.3452,ACDEFGHIKLMNPQRSTVWY,
23,5.1,1.83E-01,'GGNGEEDK,0,N,7.74E-01,9.36E-01,1.00E+00,1.00E+00,1.00E+00,8.57E-01,6.74,7.74,2.49,1.66,7.26,3.86,4.45,10.33,2.39,8.54,5.09,2.2,7.77,2.63,4.13,3.15,5.58,10.91,5.11,7.04,0.06426,0.03496,0.7773,0.9516,0.04671,0.3975,0.2756,0.008654,0.8037,0.02219,0.1841,0.8513,0.03441,0.7372,0.3366,0.586,0.1336,0.00655,0.1813,0.05321,ACDEFGHKLMNPQRSTWY,IV
24,7.4,4.29E-02,'GGAGGGAC,0,N,9.93E-01,3.62E-01,1.00E+00,6.74E-01,1.00E+00,1.00E+00,3.1,2.27,39.78,36.76,7.56,1.89,13.3,5.18,31.97,5.92,7.24,14.45,6.36,12.35,39.97,2.29,3.97,3.98,8.69,8.13,0.6002,0.8354,0.000004127,0.000006589,0.03893,0.9156,0.00228,0.173,0.00001503,0.1075,0.04731,0.00145,0.08111,0.003397,0.000004013,0.8285,0.3714,0.3703,0.02047,0.02805,ACFGILMPSTVWY,DEHKNQR
25,4.3,3.04E-01,'AADADHDE,0,N,9.78E-01,9.78E-01,9.95E-01,9.98E-01,1.00E+00,9.67E-01,4.57,4.73,1.63,1.92,4.99,4.32,3.53,5.7,3.12,5.17,3.66,1.99,5.57,2.56,3.7,3.51,4.27,6.04,5.99,4.93,0.2559,0.2318,0.9545,0.91,0.1961,0.2989,0.4783,0.1235,0.5942,0.1738,0.4449,0.8968,0.1345,0.758,0.436,0.4856,0.3096,0.09954,0.103,0.204,ACDEFGHIKLMNPQRSTVWY,
26,4.82,2.19E-01,'AALASLTT,0,N,1.00E+00,6.27E-01,1.00E+00,1.00E+00,1.00E+00,1.00E+00,5.06,2.55,32.7,30.17,3.67,2.94,12.5,2.51,28,3.06,4.57,10.71,9.22,8.55,32.31,1.81,2.89,3.74,4.38,6.05,0.1876,0.7593,0.00001316,0.00002115,0.4438,0.6477,0.003193,0.7713,0.00003278,0.6101,0.2565,0.007189,0.01532,0.02211,0.00001412,0.9293,0.6607,0.4251,0.2886,0.09923,ACFGILMPQSTVWY,DEHKNR
27,6.34,8.25E-02,'LVVLTIII,0,N,8.83E-01,2.94E-01,1.00E+00,1.00E+00,9.98E-01,6.10E-01,8.28,3.18,33.54,29.85,4.29,6.1,13.4,1.07,29.33,4.85,6.55,12.5,13.97,9.69,33.82,4.36,3.54,2.58,6.05,6.11,0.02569,0.5765,0.00001133,0.00002252,0.3048,0.09555,0.002196,0.9941,0.00002497,0.2143,0.07208,0.003192,0.001747,0.01197,0.00001079,0.2921,0.4769,0.7521,0.09887,0.09505,ACFGILMQSTVWY,DEHKNPR
28,5.25,1.66E-01,'AAAAVVIT,0,N,9.76E-01,4.31E-01,1.00E+00,1.00E+00,1.00E+00,9.98E-01,3.7,2.05,34.94,31.33,4.51,4.13,12.85,2.24,28.6,3.53,5.28,12.2,10.32,9.61,33.54,3.09,3.03,1.39,5.21,5.83,0.4358,0.8847,0.000008905,0.00001694,0.2653,0.337,0.002754,0.8407,0.00002895,0.4792,0.1619,0.003629,0.008702,0.0125,0.00001133,0.6013,0.6192,0.9783,0.1702,0.1139,ACFGILMQSTVWY,DEHKNPR
29,4.33,2.98E-01,'RPRREEPN,0,N,7.45E-01,9.91E-01,1.00E+00,1.00E+00,1.00E+00,9.62E-01,7.55,8.23,1.81,1.96,8.84,4.76,2.82,11.78,2.27,10.89,6.76,1.7,4.45,2.04,3.33,3.53,3.74,11.24,5.17,4.21,0.03923,0.02642,0.9297,0.9029,0.01882,0.2268,0.6811,0.004388,0.8343,0.006602,0.0635,0.9456,0.2763,0.8861,0.5338,0.4802,0.4259,0.005594,0.1749,0.3214,ACDEFGHKMNPQRSTWY,ILV
30,3.58,4.67E-01,'APAAVETP,0,N,1.00E+00,1.00E+00,1.00E+00,9.87E-01,1.00E+00,1.00E+00,2.78,1.77,4.02,3.75,4.91,4.26,2.69,3.76,4.38,4.1,3.4,1.5,2.04,2.01,5.35,2.82,2.19,2.48,7.22,4.48,0.6944,0.9364,0.3614,0.423,0.2061,0.312,0.7195,0.4193,0.2879,0.3438,0.515,0.9685,0.8879,0.8929,0.1554,0.6834,0.8538,0.7804,0.0477,0.2709,ACDEFGHIKLMNPQRSTVWY,
31,7.18,4.89E-02,'ISIIALII,0,N,6.81E-01,3.09E-01,1.00E+00,1.00E+00,9.11E-01,9.95E-01,3.64,5.02,35.21,30.34,3.57,7.82,12.96,1.02,27.24,1.68,4.92,12.7,16.83,9.41,31.67,6.26,6.64,3.47,5.86,7.68,0.4517,0.1923,0.00000851,0.00002049,0.4679,0.03347,0.002626,0.9954,0.00003855,0.9482,0.2044,0.002935,0.0006198,0.0139,0.0000159,0.08659,0.06823,0.496,0.1119,0.03623,ACFGILMQSTVWY,DEHKNPR
32,3.65,4.48E-01,'STNSNNNL,0,N,1.00E+00,1.00E+00,1.00E+00,1.00E+00,1.00E+00,9.99E-01,4.44,3.04,24.32,23.66,3.28,3.6,11.32,2.73,23.35,3.04,3.7,1.05,7.11,1.67,23.28,2.67,3.31,3.24,5.04,3.71,0.2784,0.6178,0.00007473,0.0000878,0.5491,0.4612,0.005407,0.7083,0.00009482,0.6184,0.4352,0.9948,0.051,0.9503,0.00009634,0.7271,0.5384,0.5596,0.1895,0.4319,ACFGILMNPQSTVWY,DEHKR
33,3.27,5.50E-01,'DPDDRAQQ,0,N,9.97E-01,9.99E-01,1.00E+00,1.00E+00,1.00E+00,9.70E-01,3.33,5.33,2.54,2.4,4.38,3.21,3.21,5.81,2.17,3.65,2.54,1.19,5.57,1.59,3.14,2.96,4.96,7.02,4.61,5.69,0.5329,0.1569,0.764,0.8004,0.2884,0.5675,0.5687,0.1154,0.8589,0.4474,0.764,0.9899,0.1346,0.9599,0.5885,0.6402,0.1995,0.05402,0.249,0.1243,ACDEFGHIKLMNPQRSTVWY,
34,5.12,1.80E-01,'YTYYLQLL,0,N,1.00E+00,9.99E-01,1.00E+00,9.87E-01,9.85E-01,9.98E-01,6.01,5.41,24.65,23.35,2.4,6.58,11.52,2.55,23.81,1.57,2.88,4.26,11.57,2.26,23.91,4.82,5.14,5.1,4.49,4.37,0.1015,0.1497,0.00006913,0.0000948,0.8015,0.07101,0.004921,0.759,0.00008452,0.9621,0.6645,0.3109,0.004825,0.837,0.00008254,0.219,0.1777,0.1825,0.2699,0.291,ACFGILMNQSTVWY,DEHKPR
35,4.76,2.28E-01,'LWLLIAAK,0,N,1.00E+00,1.00E+00,1.00E+00,1.00E+00,7.91E-01,1.00E+00,2.91,6.08,6.61,5.37,3.81,8.05,4.51,2.97,2.89,1.25,1.92,4.99,18.2,2.12,3.22,5.46,6.07,5.11,4.31,5.79,0.6565,0.09687,0.06938,0.153,0.4094,0.02926,0.2655,0.6373,0.6602,0.9872,0.9112,0.1963,0.0003972,0.8701,0.5656,0.1446,0.09749,0.181,0.3022,0.1168,ACDEFGHIKLMNQRSTVWY,P
36,3.42,5.08E-01,'ATAAD--K,0.367,N,1.00E+00,9.99E-01,1.00E+00,1.00E+00,1.00E+00,9.87E-01,3.24,5.03,2.51,3.44,3.94,3.56,3.4,4.79,1.77,2.66,2.42,1.66,8.16,2.01,2.54,3.02,4.95,6.19,4.41,5.59,0.5599,0.1903,0.7721,0.502,0.3789,0.471,0.5138,0.2231,0.9359,0.7298,0.7947,0.9516,0.02747,0.8937,0.7633,0.6222,0.2004,0.09038,0.2832,0.133,ACDEFGHIKLMNPQRSTVWY,
37,3.16,5.82E-01,'ETGEW--K,0.367,N,9.94E-01,1.00E+00,1.00E+00,1.00E+00,1.00E+00,1.00E+00,5.3,4.86,3.06,3.26,4.37,2.81,1.96,6.45,1.59,5.78,3.25,1.97,6.34,1.93,2.25,1.6,2.58,6.73,2,3.4,0.1606,0.2131,0.6101,0.5526,0.2907,0.6841,0.903,0.07676,0.959,0.1179,0.555,0.9013,0.08247,0.9084,0.8397,0.9583,0.7516,0.06447,0.8943,0.5145,ACDEFGHIKLMNPQRSTVWY,
38,4.96,1.99E-01,'ALSAC--M,0.367,N,9.57E-01,6.22E-01,1.00E+00,1.00E+00,1.00E+00,1.00E+00,4.03,3.59,29.64,27.97,2.46,2.94,11.58,3.71,24.81,3.18,2.71,7.32,7.68,6.06,27.32,2.67,4.46,5.03,4.89,6.44,0.3581,0.4629,0.00002351,0.00003304,0.7854,0.6473,0.0048,0.4331,0.00006658,0.5763,0.7157,0.04494,0.03638,0.09849,0.00003789,0.725,0.2747,0.1904,0.209,0.07743,ACFGILMNPQSTVWY,DEHKR
39,3.9,3.87E-01,'APPAQAGK,0,N,1.00E+00,1.00E+00,1.00E+00,1.00E+00,1.00E+00,9.72E-01,2.15,4.59,3.88,4.06,4.03,1.91,3.44,5.42,2.81,3.33,2.54,1.23,3.92,2.27,4.18,2.47,4.67,6.36,4.47,5.72,0.8634,0.2535,0.3925,0.3513,0.3583,0.9114,0.504,0.1484,0.6847,0.5331,0.7642,0.9879,0.3824,0.8342,0.328,0.7826,0.2411,0.08137,0.2726,0.1225,ACDEFGHIKLMNPQRSTVWY,
40,3.26,5.53E-01,'DGGDSLCS,0,N,1.00E+00,9.99E-01,1.00E+00,9.93E-01,1.00E+00,1.00E+00,4.51,1.91,6.45,6,2.83,1.78,3.02,2.83,5.6,3.4,3.58,2.29,6.57,2.68,6.85,1.36,2.61,3.11,4.49,3.7,0.2661,0.9114,0.07694,0.1024,0.6782,0.9343,0.6232,0.6779,0.1318,0.5135,0.4649,0.83,0.0711,0.7244,0.05981,0.9804,0.7427,0.5957,0.2692,0.4345,ACDEFGHIKLMNPQRSTVWY,
41,3.29,5.44E-01,'YYYYGAFF,0,N,9.97E-01,9.39E-01,1.00E+00,1.00E+00,1.00E+00,1.00E+00,3.76,2.22,26.59,25.31,1.34,2.27,11.41,2.63,23.6,2.94,2.81,4.31,6.34,3.48,24.35,1.82,2.73,3.1,2.97,3.47,0.4201,0.847,0.00004444,0.00005926,0.9817,0.8337,0.005178,0.7361,0.00008911,0.6453,0.6846,0.3011,0.08239,0.4933,0.00007421,0.9276,0.7085,0.5991,0.638,0.4945,ACFGILMNPQSTVWY,DEHKR
42,4.52,2.64E-01,'HDDHEDEG,0,N,9.55E-01,9.94E-01,9.85E-01,9.97E-01,1.00E+00,8.89E-01,5.22,6.39,1.77,1.93,6.07,3.13,4.23,8.42,3.46,6.84,4.14,2.2,6.32,2.7,4.22,2.75,4.9,8.97,4.8,6.13,0.1689,0.07972,0.935,0.9091,0.09781,0.5897,0.3173,0.02369,0.4966,0.06019,0.3344,0.8506,0.08326,0.717,0.3194,0.702,0.2079,0.01749,0.2215,0.09383,ACDEFGHIKLMNPQRSTVWY,
43,2.57,7.56E-01,'HVRHALNP,0,N,1.00E+00,1.00E+00,1.00E+00,1.00E+00,1.00E+00,1.00E+00,2.33,2.52,4.39,4.36,2.5,3.07,2.17,2.45,2.95,2.03,1.89,1.41,2.12,1.78,3.69,2.61,2.99,2.87,4,3.2,0.8205,0.7681,0.2878,0.2932,0.7744,0.6083,0.8581,0.7877,0.6451,0.8881,0.9162,0.9768,0.8694,0.9333,0.4389,0.7433,0.6315,0.6671,0.3646,0.5697,ACDEFGHIKLMNPQRSTVWY,
44,4.62,2.48E-01,'VVVVVRVI,0,N,9.97E-01,1.00E+00,1.00E+00,9.99E-01,9.86E-01,9.43E-01,7.63,4.1,4.83,8.77,4.03,7.62,2.89,1.71,4.81,4.28,5.15,3.83,15.83,4.16,5.01,4.86,4.04,2,7.42,4.43,0.03737,0.3431,0.2165,0.01957,0.3585,0.03755,0.6627,0.9442,0.2202,0.3077,0.1766,0.4044,0.0008743,0.3304,0.1932,0.2122,0.3563,0.8944,0.0424,0.2807,ACDEFGHIKLMNQRSTVWY,P
45,15.12,1.13E-03,'VVVVIVVI,0,N,2.65E-02,9.62E-02,1.00E+00,1.00E+00,9.83E-01,3.53E-02,19.45,5.02,31.78,29.06,9.87,14.42,17.28,3.26,27.73,11.57,15.79,15.26,24.13,14.99,31.15,13.35,13.49,2.27,17.63,13.08,0.0002718,0.1925,0.00001558,0.00002636,0.01095,0.001465,0.000534,0.5537,0.00003473,0.004813,0.0008844,0.001072,0.00007825,0.001183,0.00001754,0.002232,0.00211,0.8339,0.0004764,0.002493,CFIV,ADEGHKLMNPQRSTWY
46,4.73,2.31E-01,'AAAAAMLY,0,N,9.93E-01,9.17E-01,1.00E+00,1.00E+00,9.69E-01,1.00E+00,2.78,4.24,28.51,26.11,2.5,4.91,11.39,2.71,23.72,1.97,2.48,6.64,11.28,4.67,25.08,3.81,4.8,4.27,4.13,5.69,0.6953,0.315,0.00002953,0.00004939,0.7743,0.2056,0.005217,0.713,0.0000865,0.9011,0.7791,0.06829,0.005494,0.2408,0.00006243,0.4091,0.2213,0.3096,0.3371,0.1243,ACFGILMNQSTVWY,DEHKPR
47,9.31,1.46E-02,'TTTTSTTV,0,N,1.00E+00,5.82E-01,1.00E+00,9.76E-01,9.94E-01,9.92E-01,9.38,1.29,34.54,29.93,7.9,4.63,13.21,5.98,29.57,8.49,10.2,12.26,16.34,9.55,34.45,2.22,0.91,2.62,9.24,6.38,0.0141,0.9851,0.000009537,0.0000222,0.03199,0.2469,0.002364,0.1034,0.0000238,0.02279,0.009235,0.003544,0.000731,0.01285,0.000009679,0.8459,0.9975,0.7415,0.01518,0.08021,ACFGILQSTVWY,DEHKMNPR
48,9.36,1.42E-02,'KQQKQKQN,0,N,6.50E-02,9.01E-01,1.00E+00,1.00E+00,1.00E+00,8.61E-01,20.91,22.43,6.31,5.01,22.67,12.07,3.87,30.03,3.11,27.94,18.3,2.45,15.54,1.61,5.64,9.06,9.33,29.17,8.71,9.4,0.0001796,0.0001196,0.08407,0.1928,0.0001124,0.003854,0.3933,0.00002174,0.5976,0.0000332,0.0003857,0.7878,0.0009683,0.9566,0.1289,0.01671,0.01448,0.00002581,0.02021,0.01394,DEHKNQRSTWY,ACFGILMPV
49,21.44,1.55E-04,'DDDDDDDD,0,N,5.03E-02,2.29E-02,1.66E-02,1.06E-01,5.89E-01,2.58E-02,29.51,19,0.15,23.98,23.85,20.85,20.32,24.19,21.49,26.81,25.9,13.97,33.24,20.44,21.39,18.5,19.31,22.25,29.64,21.06,0.0000241,0.0003106,1,0.00008121,0.00008385,0.0001825,0.0002117,0.00007723,0.0001533,0.00004229,0.00005183,0.001747,0.00001196,0.0002044,0.0001572,0.0003619,0.0002837,0.0001254,0.00002349,0.0001721,D,ACEFGHIKLMNPQRSTVWY
50,3.93,3.80E-01,'FFFFWAWH,0,N,1.00E+00,9.96E-01,1.00E+00,1.00E+00,1.00E+00,1.00E+00,5.2,3.84,9.36,7.63,1.68,4.28,3,2.99,6.7,2.92,3,4.06,11.71,2.4,8.52,2.49,3.38,4.33,2.07,4.02,0.171,0.4003,0.01421,0.03733,0.9483,0.307,0.6294,0.6312,0.06589,0.6538,0.6301,0.3511,0.004509,0.8015,0.02249,0.7763,0.5195,0.2976,0.8801,0.3612,ACDEFGHIKLMNQRSTVWY,P
51,9.86,1.10E-02,'HHHHHHHY,0,N,7.71E-01,9.96E-01,9.59E-01,9.89E-01,9.91E-01,9.99E-01,19.6,7.75,14.7,21.2,9.63,11.51,1.02,12.55,10.08,16.06,17.43,5.92,38.04,8.03,14.65,5.4,4.67,9.42,9.43,3.2,0.0002605,0.03493,0.001317,0.0001659,0.01237,0.004955,0.9953,0.003124,0.009838,0.0008063,0.0005073,0.1075,0.000005379,0.0297,0.001344,0.1503,0.2399,0.01381,0.01369,0.5707,CFHNQSTVWY,ADEGIKLMPR
52,3.22,5.64E-01,'IIIIPHP-,0.2412,N,1.00E+00,1.00E+00,1.00E+00,1.00E+00,9.99E-01,1.00E+00,3.35,2.37,9.36,8.35,3.34,4.32,2.36,2.16,6.89,2.56,3.16,3.29,1.41,2.5,9.42,3.31,2.92,1.77,4.8,2.7,0.5282,0.8102,0.01426,0.02473,0.53,0.3006,0.8117,0.8615,0.05851,0.7574,0.5835,0.5447,0.977,0.7734,0.01381,0.5384,0.6538,0.9359,0.2212,0.7174,ACDEFGHIKLMNPQRSTVWY,
53,6.44,7.72E-02,'DDDDAND-,0.2412,N,9.98E-01,9.95E-01,9.92E-01,6.04E-01,1.00E+00,4.92E-01,4.6,9.12,1.91,4.21,9.17,7.16,6.18,9.32,5.96,6.35,5.85,1.82,7.7,4.02,6.53,6.17,8.65,10.98,12.06,10.66,0.2509,0.01613,0.9123,0.3213,0.01577,0.04958,0.09107,0.01454,0.1045,0.08191,0.1123,0.927,0.03584,0.3615,0.07283,0.09176,0.02093,0.006332,0.003873,0.007365,ACDEFGHIKLMNPQRST,VWY
54,14.11,1.65E-03,'PPPPNPN-,0.2412,N,9.05E-01,1.00E+00,1.00E+00,1.33E-01,9.80E-01,5.29E-01,8.76,8.57,25.23,26.45,19.67,15.48,12.32,16.08,23.89,16.08,12.58,3.13,2.63,6.59,24.04,9.27,6.22,11.72,27.57,18.17,0.01963,0.02177,0.00006033,0.0000458,0.0002552,0.0009876,0.003447,0.0007986,0.00008301,0.0007998,0.003082,0.5918,0.7384,0.07031,0.00008008,0.01493,0.0886,0.0045,0.00003589,0.0004004,ACNPQST,DEFGHIKLMRVWY
55,2.97,6.37E-01,'GGGGHVH-,0.2412,N,1.00E+00,1.00E+00,9.99E-01,1.00E+00,9.99E-01,1.00E+00,5.12,1.44,8.1,7.15,3.22,2,1.53,2.7,5.73,3.92,4.72,2.66,6.9,2.51,7.73,1.48,2.01,2.08,4.15,2.54,0.1805,0.974,0.02844,0.04975,0.5646,0.8948,0.9659,0.7163,0.1217,0.3838,0.2322,0.7278,0.05806,0.772,0.03531,0.9707,0.8928,0.8786,0.3329,0.7633,ACDEFGHIKLMNPQRSTVWY,
56,2.57,7.53E-01,'DDADGDI-,0.2412,N,1.00E+00,1.00E+00,9.98E-01,9.99E-01,1.00E+00,1.00E+00,3.29,1.74,2.14,3.25,2.52,2.35,2.67,2.14,3.24,2.63,2.88,1.57,4.99,2.38,3.43,1.98,2.4,2.07,3.9,2.87,0.544,0.9403,0.8663,0.5569,0.7681,0.8152,0.7259,0.8654,0.5592,0.7386,0.6646,0.9622,0.196,0.805,0.5049,0.8981,0.8003,0.8805,0.3862,0.6669,ACDEFGHIKLMNPQRSTVWY,
57,5.14,1.78E-01,'HHHHSMS-,0.2412,N,1.00E+00,1.00E+00,1.00E+00,1.00E+00,1.00E+00,1.00E+00,6.54,4.99,9.44,7.43,4.01,3.65,2.32,6.3,6.31,3.4,2.48,5.29,11.61,3.03,7.9,1.34,4.26,8.15,4.19,6.66,0.07281,0.1963,0.01365,0.04201,0.3622,0.4485,0.8222,0.08458,0.08381,0.5156,0.7795,0.161,0.004736,0.6191,0.03201,0.982,0.3108,0.02766,0.325,0.06755,ACDEFGHIKLMNQRSTVWY,P
58,12.52,3.17E-03,'FFFFFLF-,0.2412,N,1.32E-01,9.19E-02,1.00E+00,4.33E-01,9.96E-01,3.92E-01,12.59,10.06,32.01,29.41,1.74,12.52,15.82,6.73,27.11,5.48,6.73,12.6,15.88,11.74,31.32,11.57,13.24,10.92,10.56,12.52,0.003073,0.009901,0.00001493,0.00002457,0.9402,0.003168,0.000875,0.06449,0.00003963,0.1423,0.06456,0.00306,0.000858,0.004463,0.00001699,0.004806,0.002337,0.00651,0.007732,0.003168,FILM,ACDEGHKNPQRSTVWY
59,4.7,2.36E-01,'SSSSATAQ,0,N,1.00E+00,1.00E+00,1.00E+00,9.75E-01,1.00E+00,1.00E+00,3.59,4.4,25.26,24.63,4.49,2.69,10.93,4.89,23.07,3.64,2.97,3.19,8.12,2.5,23.23,1.91,4.28,6.07,6.04,6.15,0.4637,0.2847,0.00005991,0.00006941,0.2693,0.7202,0.006495,0.2083,0.0001015,0.4505,0.6367,0.5734,0.02815,0.7752,0.00009766,0.913,0.3075,0.09797,0.09984,0.09279,ACFGILMNPQSTVWY,DEHKR
60,3.24,5.60E-01,'GDDGSGAL,0,N,1.00E+00,1.00E+00,1.00E+00,9.97E-01,1.00E+00,1.00E+00,2.69,2.99,3.83,3.81,2.73,1.88,3.19,3.28,3.72,2.19,2.13,1.74,4.99,2.34,4.49,1.94,3.52,4.15,4.03,4.36,0.7208,0.6334,0.4031,0.4074,0.7091,0.9175,0.5722,0.548,0.4292,0.8531,0.8683,0.9404,0.1955,0.818,0.2695,0.9058,0.4814,0.3332,0.3586,0.2917,ACDEFGHIKLMNPQRSTVWY,
61,2.96,6.41E-01,'TRSTQLNW,0,N,1.00E+00,1.00E+00,1.00E+00,1.00E+00,1.00E+00,1.00E+00,4.24,3.17,6.45,6.1,1.81,3.06,2.49,2.83,5.16,2.57,2.5,1.85,8.46,1.47,5.72,1.85,2.86,3.8,2.24,3.13,0.3159,0.5784,0.07695,0.09576,0.9287,0.6121,0.7766,0.6799,0.175,0.7545,0.7748,0.9234,0.02323,0.9715,0.1225,0.922,0.6702,0.4104,0.842,0.5911,ACDEFGHIKLMNPQRSTVWY,
62,2.78,6.93E-01,'PPPPLPLR,0,N,1.00E+00,1.00E+00,1.00E+00,1.00E+00,1.00E+00,1.00E+00,3,3.04,3.71,3.8,2.08,4.15,2.4,2.22,2.19,1.67,1.66,2.26,1.76,2.25,2.68,3.5,3.47,2.89,3.68,2.93,0.6297,0.6177,0.4322,0.4108,0.8781,0.3324,0.8007,0.8467,0.8548,0.9494,0.9505,0.838,0.9365,0.8406,0.7243,0.4859,0.4955,0.6621,0.4408,0.649,ACDEFGHIKLMNPQRSTVWY,
63,9.98,1.03E-02,'DDDDDDDS,0,N,9.08E-01,9.86E-01,9.34E-01,5.58E-01,6.60E-01,8.49E-01,15.41,6.45,1.3,20.81,10.52,9.41,5.71,11.11,10.04,13.46,13.63,2.67,30.01,9.93,11.94,4.13,4.11,8.33,13.21,8.3,0.001016,0.0768,0.9842,0.0001846,0.007884,0.01385,0.1227,0.005959,0.01004,0.00214,0.001996,0.7273,0.00002184,0.01062,0.004074,0.3362,0.341,0.025,0.002366,0.02539,CDGHKNQSTVY,AEFILMPRW
64,3.07,6.10E-01,'YYYYGAYD,0,N,1.00E+00,1.00E+00,1.00E+00,1.00E+00,1.00E+00,1.00E+00,4.51,2.99,2.86,3.92,3.14,2.1,2.81,4.65,3.38,4.76,3.43,1.77,5.67,2.74,3.85,1.5,1.75,4.37,2.7,1.89,0.2661,0.6318,0.6698,0.3837,0.5884,0.8746,0.6862,0.244,0.5204,0.2273,0.5058,0.9362,0.1266,0.7062,0.3994,0.9693,0.9382,0.2901,0.716,0.9154,ACDEFGHIKLMNPQRSTVWY,
65,2.44,7.90E-01,'SSSSQDGI,0,N,1.00E+00,1.00E+00,1.00E+00,1.00E+00,1.00E+00,1.00E+00,3.83,1.57,3.43,3.96,2.39,2.05,2.23,2.2,3.64,2.92,3.16,1.24,5.76,2.05,4.16,1.49,1.98,2.09,3.63,2.5,0.4044,0.9617,0.5062,0.3744,0.8045,0.8845,0.8447,0.852,0.4504,0.6539,0.583,0.9874,0.1192,0.8844,0.332,0.9702,0.8992,0.8767,0.4525,0.7753,ACDEFGHIKLMNPQRSTVWY,
66,3.11,5.96E-01,'SSSSTLVD,0,N,1.00E+00,1.00E+00,1.00E+00,9.99E-01,1.00E+00,1.00E+00,4.77,1.64,2.97,5.06,3.19,3.25,2.46,2.53,3.82,3.69,4.06,1.56,8.18,2.77,4.17,2.07,2.09,1.74,4.98,3.04,0.2249,0.9533,0.639,0.1876,0.5735,0.5576,0.7841,0.7655,0.4052,0.4378,0.3527,0.9623,0.02722,0.6981,0.3295,0.8808,0.8753,0.9406,0.1966,0.6184,ACDEFGHIKLMNPQRSTVWY,
67,3.11,5.97E-01,'SSSSFTLQ,0,N,1.00E+00,1.00E+00,1.00E+00,1.00E+00,1.00E+00,1.00E+00,4.79,2.82,24.56,23.65,1.95,2.96,11.38,2.41,23.7,2.52,2.93,3.02,8.69,2.03,23.74,1.65,2.71,3.63,3.2,3.43,0.2226,0.6817,0.00007053,0.00008791,0.9054,0.6399,0.00526,0.7973,0.00008694,0.7697,0.6503,0.6239,0.02045,0.8891,0.00008609,0.9524,0.7148,0.4531,0.5708,0.5054,ACFGILMNPQSTVWY,DEHKR
68,15.35,1.04E-03,'WWWWWWWL,0,N,1.00E+00,2.06E-01,1.00E+00,7.44E-01,9.90E-01,1.92E-01,19.68,7.64,42.53,35.46,4.8,15.87,17.76,10.35,38.14,4.81,7.21,25.66,34.26,18.67,44.36,10.23,6.15,14.82,1.59,13.06,0.0002539,0.03711,0.000002776,0.000008165,0.2218,0.0008606,0.0004564,0.008607,0.000005297,0.22,0.04806,0.00005469,0.000009999,0.0003438,0.000002162,0.009109,0.09303,0.001262,0.9596,0.002518,CFLMTW,ADEGHIKNPQRSVY
69,4.06,3.52E-01,'PPPPPVPI,0,N,1.00E+00,9.67E-01,1.00E+00,1.00E+00,9.97E-01,1.00E+00,3.37,2.19,27.76,26.93,4.2,4.5,11.43,2.54,24.08,2.96,3.92,5.54,1.42,4.41,25.57,3.35,2.85,1.54,5.42,3.17,0.5224,0.8548,0.00003451,0.00004123,0.3225,0.2675,0.00514,0.7637,0.00007921,0.64,0.3838,0.1376,0.9757,0.2838,0.0000558,0.5275,0.6746,0.9652,0.1484,0.579,ACFGILMNPQSTVWY,DEHKR
70,2.76,7.00E-01,'PAPPDAKT,0,N,1.00E+00,1.00E+00,1.00E+00,9.98E-01,1.00E+00,9.99E-01,2.79,2.75,2.5,2.82,3.71,2.72,2.49,4.19,2.57,3.98,2.52,1.44,2.77,2.14,3.22,2.07,2.48,4,4.77,3.5,0.6911,0.7029,0.7732,0.6833,0.4319,0.7116,0.7767,0.3255,0.7544,0.3699,0.7682,0.9745,0.6977,0.8648,0.5659,0.8812,0.7785,0.3655,0.2255,0.4873,ACDEFGHIKLMNPQRSTVWY,
71,23.34,9.50E-05,'HHHHHHHH,0,N,6.33E-02,5.70E-01,5.05E-02,6.85E-01,9.80E-01,9.99E-01,35.09,21.53,36.64,33.22,20.11,23.89,0.12,22.18,23.46,25.24,23.22,17.77,43.5,14.29,31.55,17.35,17.34,25.64,26.01,18.27,0.000008682,0.0001517,0.000006719,0.000012,0.0002246,0.00008297,1,0.0001275,0.00009214,0.00006025,0.00009791,0.0004555,0.000002427,0.001543,0.00001627,0.0005209,0.0005229,0.00005491,0.00005049,0.0003892,H,ACDEFGIKLMNPQRSTVWY
72,12.61,3.05E-03,'CCCCCACC,0,N,1.16E-01,1.46E-01,1.00E+00,4.01E-01,1.00E+00,9.97E-01,5.41,1.18,38.52,35.44,13.02,11.46,16.52,11.5,27.91,11.72,11.67,15.5,11.61,15.2,34.96,11.19,12.18,7.91,19.93,14.14,0.1495,0.9904,0.000004993,0.000008188,0.002566,0.005055,0.0006865,0.004977,0.00003343,0.004496,0.004608,0.0009814,0.004718,0.001093,0.000008866,0.005736,0.003663,0.03179,0.0002365,0.001632,ACV,DEFGHIKLMNPQRSTWY
73,3.31,5.40E-01,'VLRVVMIT,0,N,9.99E-01,1.00E+00,1.00E+00,1.00E+00,1.00E+00,9.80E-01,5.51,2.73,5.08,5.83,2.8,4.45,2.37,1.5,4.57,3.04,3.32,3.38,8.94,3.3,4.52,3.02,2.76,2.54,5.23,3.27,0.1401,0.7077,0.1843,0.1142,0.688,0.2755,0.8099,0.9684,0.2567,0.6179,0.5356,0.52,0.01782,0.5435,0.2637,0.6218,0.7006,0.7631,0.1671,0.5493,ACDEFGHIKLMNPQRSTVWY,
74,3.89,3.90E-01,'SAASQVQN,0,N,1.00E+00,1.00E+00,1.00E+00,9.99E-01,1.00E+00,1.00E+00,3.89,2.56,24.77,23.78,3.89,3.97,11.25,2.61,23.28,3.32,3.72,1.94,8.18,1.36,23.29,2.53,2.79,2.43,5.84,3.93,0.3889,0.7571,0.0000672,0.00008515,0.3906,0.3722,0.00558,0.7438,0.00009637,0.5367,0.4299,0.9072,0.02723,0.9801,0.00009616,0.7658,0.6924,0.7932,0.1134,0.3811,ACFGILMNPQSTVWY,DEHKR
75,8.25,2.61E-02,'GGGGNGGE,0,N,9.99E-01,1.00E+00,1.00E+00,9.67E-01,1.00E+00,3.63E-01,3.48,13.21,5.51,3.58,13.2,1.53,8.16,17.25,4.54,9.49,8.35,3.31,12.45,3.3,6.78,4.46,12.19,19.52,11.63,16.25,0.492,0.002365,0.1395,0.467,0.002375,0.9662,0.02755,0.0005381,0.2606,0.01333,0.02468,0.5394,0.003259,0.5417,0.0626,0.2738,0.003645,0.0002667,0.004686,0.0007545,ADEGHKLMNQRS,CFIPTVWY
76,17.1,5.66E-04,'TSSTSTTY,0,N,9.96E-01,8.75E-01,1.00E+00,1.00E+00,9.38E-01,9.99E-01,18.24,17.21,29.44,27.18,16.99,6.18,13.33,26.41,24.32,24.67,15.44,7.68,18.95,9.79,26.34,2.07,0.89,25.03,6.36,3.14,0.000392,0.0005463,0.00002444,0.00003906,0.0005864,0.09113,0.00225,0.00004626,0.00007471,0.00006886,0.001004,0.03622,0.0003158,0.01139,0.00004689,0.8805,0.9978,0.00006326,0.08118,0.5891,GNQSTWY,ACDEFHIKLMPRV
77,3,6.28E-01,'PATPERHS,0,N,9.95E-01,1.00E+00,1.00E+00,1.00E+00,1.00E+00,1.00E+00,4.61,4.34,2.84,2.59,4.47,2.67,1.88,6.04,2.05,5.49,3.16,1.91,5.48,1.77,2.41,1.61,2.5,6.2,3.66,3.5,0.2495,0.2965,0.6763,0.7493,0.2736,0.7252,0.9183,0.09931,0.8844,0.1414,0.5832,0.9116,0.1426,0.9354,0.7977,0.957,0.7731,0.08969,0.4456,0.4858,ACDEFGHIKLMNPQRSTVWY,
78,5.5,1.41E-01,'GGGGGGDE,0,N,9.99E-01,1.00E+00,9.98E-01,9.67E-01,1.00E+00,6.74E-01,3.66,8.52,3.25,3.04,8.15,1.78,5.82,10.91,3.91,6.55,4.99,2.51,8.18,3.15,5.15,3.11,7.85,12.4,7.37,10.28,0.4457,0.02238,0.5573,0.6171,0.0276,0.9341,0.1149,0.00654,0.3841,0.07217,0.1952,0.7722,0.02716,0.586,0.176,0.598,0.03284,0.003328,0.04362,0.008879,ACDEFGHKLMNPQRSTW,IVY
79,3.6,4.60E-01,'AAAAAYAN,0,N,1.00E+00,1.00E+00,1.00E+00,1.00E+00,1.00E+00,1.00E+00,2.35,3.39,25.48,24.56,2.89,3.01,11.06,3.08,22.86,2.27,2.28,2.78,7.08,2.15,22.98,2.49,3.8,4.01,4.12,4.53,0.8152,0.5159,0.00005702,0.00007057,0.661,0.626,0.00611,0.6068,0.000107,0.8347,0.8317,0.6925,0.05196,0.863,0.000104,0.7768,0.4099,0.3618,0.3399,0.262,ACFGILMNPQSTVWY,DEHKR
80,2.91,6.56E-01,'DDQDPEEI,0,N,1.00E+00,1.00E+00,9.96E-01,1.00E+00,1.00E+00,1.00E+00,3.93,3.01,2.28,1.69,3.43,5.28,2.46,2.4,3.25,2.76,2.63,2.11,2.8,1.7,3.65,3.96,3.21,2.32,5.59,3.19,0.3799,0.6257,0.8309,0.9474,0.5052,0.1621,0.785,0.8002,0.5571,0.6995,0.7376,0.8719,0.6875,0.9455,0.4482,0.3732,0.5677,0.8224,0.1327,0.5736,ACDEFGHIKLMNPQRSTVWY,
81,10.78,6.96E-03,'FFFFLLFI,0,N,2.30E-01,1.08E-01,1.00E+00,6.99E-01,9.68E-01,7.31E-01,9.46,8.73,35.31,31.14,3.14,11.83,14.6,3.44,28.23,2.98,6.27,13.46,15.18,11.06,33.6,10.5,11.23,7.56,9.11,10.38,0.0135,0.01997,0.000008372,0.00001756,0.5877,0.004274,0.001367,0.5041,0.00003127,0.6343,0.08585,0.00214,0.001104,0.006093,0.00001123,0.007992,0.005632,0.03903,0.01628,0.008462,ACFILMVW,DEGHKNPQRSTY
82,5.63,1.30E-01,'HRCHHLHH,0,N,1.00E+00,1.00E+00,9.86E-01,1.00E+00,1.00E+00,9.99E-01,7.96,5.69,8.66,8.23,3.85,5.57,0.93,5.29,5.73,2.95,3.76,6,12.71,4.45,5.76,3.74,4.88,7.8,5.72,5.57,0.03081,0.1246,0.02075,0.02645,0.3993,0.1349,0.9972,0.1617,0.1214,0.6452,0.4212,0.1023,0.002915,0.2759,0.1192,0.4244,0.2098,0.03382,0.1224,0.1348,ACDEFGHIKLMNQRSTVWY,P
83,12.33,3.43E-03,'PPPPPDP-,0.2412,N,9.35E-01,1.00E+00,1.00E+00,1.22E-01,9.00E-01,1.31E-01,10.56,13.47,5.69,7.92,19.12,17.24,10.2,17.75,11.73,16.22,12.33,6.06,1.84,8.05,13.05,12.33,11.5,16.08,25.59,17.97,0.007746,0.002128,0.1244,0.03164,0.0002994,0.0005406,0.009255,0.0004577,0.004479,0.000761,0.003436,0.09829,0.9241,0.02928,0.002528,0.003427,0.004961,0.0008,0.00005555,0.0004266,DENPQ,ACFGHIKLMRSTVWY
84,2.62,7.40E-01,'SEDSLGDK,0,N,1.00E+00,1.00E+00,1.00E+00,1.00E+00,1.00E+00,9.97E-01,3.28,3.27,1.83,2.98,2.66,2.27,2.58,3.38,1.84,2.28,2.3,1.33,5.23,2.07,2.4,2.11,3.49,4.31,3.49,3.97,0.5479,0.5499,0.9254,0.6342,0.7289,0.8341,0.7514,0.5198,0.9243,0.8317,0.8257,0.9826,0.1678,0.8802,0.7999,0.8712,0.4894,0.3021,0.4887,0.3722,ACDEFGHIKLMNPQRSTVWY,
85,21.15,1.68E-04,'LLLLLLLI,0,N,4.68E-02,7.61E-02,1.00E+00,1.62E-01,2.57E-01,9.03E-01,21.82,20.11,43.55,34.51,9,33.12,20.45,3.64,29.3,1.29,9.91,25.06,34.73,18.43,35.27,26.78,23.39,12.12,20.03,16.7,0.0001403,0.0002243,0.000002413,0.000009588,0.01729,0.00001221,0.0002038,0.4517,0.00002516,0.9851,0.01071,0.00006283,0.00000923,0.0003694,0.000008417,0.00004257,0.00009386,0.003763,0.0002296,0.0006456,FILM,ACDEGHKNPQRSTVWY
86,5.92,1.08E-01,'DDDDNPNA,0,N,1.00E+00,1.00E+00,1.00E+00,6.56E-01,1.00E+00,7.52E-01,3.4,6.17,2.99,4.22,8.02,6.34,4.94,7.28,5.84,6.05,5.19,1.34,3.97,3.56,6.66,4.86,6,7.55,11.41,8.74,0.5145,0.09148,0.6328,0.3183,0.02987,0.08239,0.2026,0.04622,0.1133,0.0987,0.1726,0.9817,0.3709,0.4713,0.06749,0.2125,0.1024,0.03922,0.005182,0.01985,ACDEFGHIKLMNPQRSTVY,W
87,2.9,6.59E-01,'TTVTQSIP,0,N,1.00E+00,9.99E-01,1.00E+00,1.00E+00,1.00E+00,1.00E+00,2.88,1.47,25.49,25.06,3.45,3.18,11.38,2.34,23.37,2.92,3.17,2.75,2.04,2.18,23.72,2.28,2.09,1.54,4.91,2.81,0.6655,0.9714,0.00005692,0.00006286,0.5005,0.575,0.005259,0.8173,0.00009421,0.6517,0.5782,0.7039,0.8871,0.8572,0.00008638,0.8317,0.8764,0.9651,0.206,0.6847,ACFGILMNPQSTVWY,DEHKR
88,3.54,4.76E-01,'STASKAPS,0,N,1.00E+00,1.00E+00,1.00E+00,9.92E-01,1.00E+00,9.96E-01,2.24,3.4,4.69,4.74,3.77,2.09,3.16,4.61,3.55,3.8,2.42,1.73,3.39,2.59,4.82,2.1,3.54,4.93,4.92,4.71,0.8406,0.5149,0.2374,0.2306,0.4183,0.8762,0.5834,0.2496,0.4738,0.4098,0.7967,0.9419,0.5171,0.7501,0.2185,0.8745,0.4777,0.2039,0.2047,0.2348,ACDEFGHIKLMNPQRSTVWY,
89,2.44,7.90E-01,'ARPAAETF,0,N,1.00E+00,1.00E+00,1.00E+00,1.00E+00,1.00E+00,1.00E+00,2.44,2.18,2.98,2.88,2.03,2.35,2.44,2.7,2.9,2.43,1.43,1.59,3,1.87,3.52,1.97,2.44,3,3.11,2.68,0.7904,0.8554,0.6341,0.6648,0.8892,0.8143,0.7901,0.7159,0.6592,0.7936,0.9754,0.9593,0.6294,0.9191,0.4829,0.9013,0.7912,0.6301,0.5972,0.7232,ACDEFGHIKLMNPQRSTVWY,
90,2.59,7.48E-01,'IVIIIYAD,0,N,1.00E+00,1.00E+00,1.00E+00,1.00E+00,1.00E+00,1.00E+00,3.88,2.17,3.42,4.14,1.87,3.67,2.52,1.43,3.26,2.39,3.04,2.04,8.65,2.13,3.65,2.53,2.66,1.63,3.31,2.42,0.3915,0.859,0.5098,0.335,0.9198,0.442,0.7695,0.975,0.5538,0.8049,0.6162,0.8879,0.02093,0.8674,0.448,0.767,0.7294,0.9544,0.5405,0.7954,ACDEFGHIKLMNPQRSTVWY,
91,4.85,2.15E-01,'EDEEADQE,0,N,9.94E-01,9.89E-01,9.78E-01,9.99E-01,9.94E-01,8.35E-01,3.98,7.73,2.72,1.59,6.51,4.83,5.03,8.23,3.96,4.77,3.98,2.35,7.58,2.49,4.86,4.63,7.35,9.99,6.9,8.33,0.3692,0.03518,0.7121,0.9589,0.07378,0.2169,0.1913,0.02645,0.374,0.2249,0.3697,0.8131,0.03856,0.7775,0.2122,0.2458,0.04414,0.01028,0.05798,0.02491,ACDEFGHIKLMNPQRSTVWY,
92,3.66,4.46E-01,'AAAAAYLY,0,N,1.00E+00,9.71E-01,1.00E+00,1.00E+00,9.97E-01,1.00E+00,3.59,2.72,28.26,26.03,2.55,3.6,11.35,1.88,24.13,2.44,3.72,6.03,9.31,4.06,25.69,2.55,3.43,2.74,3.58,4.1,0.4624,0.7107,0.0000311,0.00005031,0.7588,0.4604,0.005331,0.9171,0.00007829,0.7911,0.4311,0.1004,0.01462,0.3512,0.00005435,0.761,0.5064,0.7063,0.4649,0.3439,ACFGILMNPQSTVWY,DEHKR
93,9.63,1.24E-02,'VVVVVCII,0,N,2.01E-01,1.47E-01,1.00E+00,1.00E+00,1.00E+00,3.30E-01,10.81,2.61,33.59,30.03,6.56,7.5,13.1,2.13,27.96,6.79,10,11.05,14.29,9.25,33.23,6.72,7.56,1.75,10.33,7.94,0.00685,0.7442,0.00001124,0.00002177,0.07181,0.04029,0.002475,0.8683,0.00003309,0.06204,0.01023,0.006121,0.001543,0.01511,0.00001199,0.06507,0.03905,0.9391,0.00865,0.03124,CFGILMQSTVY,ADEHKNPRW
94,8.94,1.78E-02,'FFFFFVIF,0,N,3.06E-01,1.10E-01,1.00E+00,9.39E-01,9.93E-01,3.58E-01,12.33,5.97,34.02,29.09,2.43,8.99,13.52,3.22,28.33,6.6,8.89,12.38,23.02,9.49,32.92,6.59,7.62,5.93,7.34,8.83,0.003436,0.1041,0.00001042,0.0000262,0.7919,0.0173,0.002091,0.5663,0.00003064,0.06997,0.01828,0.003362,0.0001028,0.01331,0.00001266,0.07015,0.03766,0.1068,0.04448,0.01896,CFGILMQSTVWY,ADEHKNPR
95,3.15,5.85E-01,'YRRYHWRI,0,N,1.00E+00,1.00E+00,9.98E-01,9.67E-01,9.93E-01,9.99E-01,5.78,4.7,4.43,6.42,2.02,6.03,1.91,2.4,2.43,2.45,2.98,3.14,12.26,2.6,2.58,4.2,4.31,4.2,3.16,3.13,0.1178,0.2359,0.2795,0.07821,0.8909,0.1001,0.9122,0.8007,0.7928,0.788,0.6359,0.5872,0.003539,0.7473,0.7504,0.3227,0.302,0.3231,0.5817,0.5903,ACDEFGHIKLMNQRSTVWY,P
96,23.22,9.79E-05,'KKKKKKKK,0,N,3.92E-02,2.45E-02,1.73E-02,1.35E-01,4.53E-01,3.43E-01,26.45,29.33,21.52,23.7,21.07,26.98,15.82,25.96,0.14,18.99,17.24,14.55,39.91,14.08,7.31,23,27.99,33.06,23.44,26.46,0.00004582,0.00002499,0.000152,0.00008693,0.0001718,0.00004081,0.0008749,0.0000511,1,0.0003118,0.0005402,0.001396,0.000004049,0.001674,0.04538,0.0001034,0.00003286,0.00001234,0.00009267,0.0000457,KR,ACDEFGHILMNPQSTVWY
97,9.19,1.56E-02,'GGGGGGGP,0,N,1.00E+00,6.80E-01,1.00E+00,6.72E-01,9.40E-01,9.19E-01,7.76,8.03,35.48,33.43,8.95,1.32,12.12,13.61,27.21,12.8,7.26,10.22,4.08,9.42,33.23,2.35,4.43,12.87,8.13,7.49,0.03472,0.02967,0.000008128,0.00001157,0.01773,0.9831,0.003762,0.002012,0.00003878,0.002813,0.04663,0.009165,0.3482,0.0138,0.00001197,0.8142,0.2797,0.002731,0.02791,0.04056,ACFGMPQSTWY,DEHIKLNRV
98,2.67,7.26E-01,'AAAAEVFH,0,N,1.00E+00,1.00E+00,1.00E+00,1.00E+00,9.99E-01,1.00E+00,3.12,2.54,4.09,3.27,2.15,3.17,2.04,1.8,3.13,1.92,2.01,1.93,6.59,1.36,3.98,2.23,2.69,2.65,3.54,2.96,0.5943,0.7641,0.3454,0.5515,0.8621,0.5789,0.8878,0.9304,0.5917,0.9104,0.8924,0.9079,0.07027,0.9806,0.3698,0.8448,0.7203,0.7318,0.4767,0.6409,ACDEFGHIKLMNPQRSTVWY,
99,6.88,5.88E-02,'YYYYNDH-,0.2412,N,8.56E-01,9.98E-01,1.00E+00,1.00E+00,9.86E-01,1.00E+00,12.1,8.08,3.15,13.72,8.68,7.07,2.41,12,5.03,12.45,10.8,1.54,22.39,6.15,6.68,3.1,2.45,10.71,5.13,2.03,0.003801,0.02871,0.584,0.001928,0.02058,0.05222,0.798,0.003965,0.1912,0.003254,0.006894,0.9652,0.0001207,0.09306,0.06661,0.6009,0.788,0.007198,0.1793,0.889,CDFGHKNQRSTWY,AEILMPV
100,5.66,1.27E-01,'TACTVLI-,0.2412,N,7.89E-01,2.64E-01,1.00E+00,1.00E+00,1.00E+00,9.62E-01,4.84,2.74,35.44,31.77,4.2,4.58,12.89,1.28,28.98,3.23,5.7,12.28,10.45,9.72,34.46,3.82,4.46,2.17,5.62,6.47,0.2156,0.707,0.000008189,0.00001561,0.3229,0.2538,0.002699,0.9857,0.00002683,0.5632,0.1236,0.003512,0.008167,0.01178,0.000009655,0.4049,0.2743,0.8574,0.1307,0.0759,ACFGILMQSTVWY,DEHKNPR
101,3.5,4.86E-01,'GAAGDHD-,0.2412,N,9.99E-01,1.00E+00,1.00E+00,9.95E-01,1.00E+00,9.80E-01,3.8,3.96,1.94,3.46,3.73,2.93,3.06,4.32,2.73,3.54,2.89,1.31,6.41,2.38,3.25,2.43,3.85,5.08,4.75,4.61,0.4104,0.3736,0.907,0.4977,0.427,0.6498,0.6116,0.2991,0.7097,0.4751,0.6616,0.9835,0.07864,0.8058,0.5553,0.7933,0.3997,0.1843,0.229,0.2503,ACDEFGHIKLMNPQRSTVWY,
102,8.03,2.97E-02,'AGAASPS-,0.2412,N,1.00E+00,7.79E-01,1.00E+00,5.37E-01,1.00E+00,9.92E-01,2.94,2.62,35.36,33.62,9.11,3.33,12.04,7.04,28.47,7.62,7.57,10.83,3.95,9.62,34.4,2.14,3.54,5.08,11.28,8.41,0.6461,0.74,0.000008298,0.00001119,0.01629,0.5345,0.003902,0.05333,0.00002977,0.03763,0.03882,0.00679,0.375,0.0124,0.000009765,0.8656,0.4755,0.1842,0.005502,0.02383,ACFGILMPQSTVY,DEHKNRW
103,25.78,5.32E-05,'YYYYYYYY,0,N,7.30E-01,9.79E-01,1.00E+00,3.26E-02,9.99E-01,4.24E-02,39.55,23.02,35.81,33.77,22.82,23.4,16.52,30.18,32.75,34.84,29.3,17.86,39.12,17.7,38.34,18.59,13.53,27.96,18.08,0.16,0.000004275,0.000103,0.000007704,0.00001088,0.0001082,0.00009349,0.0006862,0.00002113,0.00001306,0.000009049,0.00002516,0.000442,0.00000456,0.0004655,0.000005141,0.0003518,0.00208,0.00003307,0.000412,1,Y,ACDEFGHIKLMNPQRSTVW
104,15.91,8.47E-04,'SSSSSGSS,0,N,9.99E-01,4.25E-01,1.00E+00,2.97E-01,8.56E-01,9.50E-01,17.96,16.15,37.66,33.95,16.54,3.83,14.19,25.67,28.91,24.58,13.53,11.09,15.68,11.35,37.1,0.87,6.79,24.74,13.01,12.97,0.000429,0.0007814,0.000005714,0.00001056,0.0006815,0.4036,0.001603,0.00005452,0.00002721,0.00007029,0.002083,0.006009,0.0009208,0.005316,0.000006246,0.998,0.06217,0.00006771,0.002571,0.00262,GST,ACDEFHIKLMNPQRVWY
105,7.91,3.17E-02,'GGGGACAA,0,N,9.38E-01,2.76E-01,1.00E+00,5.69E-01,1.00E+00,9.99E-01,1.98,3.29,41.17,38.11,8.3,3.59,13.61,5.92,32.51,6.35,7.5,15.18,6.75,13.21,41.21,3.94,5.73,5,10.54,9.81,0.8988,0.5463,0.000003369,0.000005328,0.02534,0.4624,0.002013,0.1073,0.00001363,0.08174,0.04031,0.001104,0.06357,0.002364,0.000003349,0.3789,0.1216,0.1951,0.007826,0.01126,ACFGILMPSTVY,DEHKNQRW
106,19.02,3.09E-04,'FFFFFFFF,0,N,4.20E-02,4.75E-02,1.00E+00,3.71E-02,9.83E-01,5.00E-02,27.4,17.91,32.39,32.98,0.11,22.93,19.98,10.86,29.11,12.82,15.45,18.36,37.94,18.6,32.25,19.43,20.52,17.61,14.67,16.28,0.00003727,0.0004359,0.00001394,0.00001252,1,0.0001052,0.0002329,0.006711,0.00002611,0.002786,0.001001,0.0003778,0.000005469,0.0003512,0.00001429,0.0002736,0.0001997,0.0004788,0.001333,0.0007471,F,ACDEGHIKLMNPQRSTVWY
107,3.39,5.17E-01,'EEEEFHMY,0,N,1.00E+00,1.00E+00,1.00E+00,9.91E-01,9.99E-01,1.00E+00,5.02,4.13,3.79,3.26,2.27,5.19,2.03,2.98,3.03,2.89,2.03,2.81,6.13,1.91,3.51,3.95,3.65,4.13,3.57,2.5,0.1915,0.3375,0.4138,0.5529,0.8342,0.1718,0.8882,0.6341,0.6208,0.6615,0.8882,0.6852,0.09429,0.912,0.4833,0.3768,0.4477,0.338,0.4694,0.7734,ACDEFGHIKLMNPQRSTVWY,
108,5.12,1.81E-01,'GGGGDDE-,0.2412,N,9.77E-01,9.96E-01,9.65E-01,9.86E-01,1.00E+00,7.10E-01,4.54,7.27,1.69,2.56,6.71,3.08,5.25,9.07,4.17,6.42,4.37,2.36,6.57,3.23,4.98,3.39,6.43,10.11,5.97,7.94,0.2609,0.04644,0.9466,0.7574,0.06516,0.6052,0.1656,0.01664,0.3285,0.07806,0.2905,0.8106,0.07141,0.5625,0.1972,0.5175,0.07801,0.009664,0.1039,0.03129,ACDEFGHIKLMNPQRSTWY,V
109,3.34,5.31E-01,'VVVVNIA-,0.2412,N,9.99E-01,9.99E-01,1.00E+00,1.00E+00,1.00E+00,1.00E+00,3.37,2.09,25.27,24.04,2.97,3.9,11.25,1.66,23.17,2.56,3.31,2.85,8.63,1.95,23.25,2.64,2.82,1.44,4.72,3.37,0.5223,0.8757,0.00005982,0.00007993,0.6383,0.3871,0.00559,0.9507,0.0000992,0.7564,0.5381,0.6722,0.02113,0.9056,0.00009718,0.7356,0.6827,0.974,0.2336,0.523,ACFGILMNPQSTVWY,DEHKR
110,5.43,1.47E-01,'DDDDGED-,0.2412,N,9.38E-01,9.85E-01,9.12E-01,9.87E-01,1.00E+00,6.74E-01,5.31,7.47,1.37,2.54,6.92,3.77,5.5,9.35,4.65,7.1,4.72,2.73,6.72,3.56,5.36,3.8,6.43,10.25,6.05,7.74,0.1592,0.04105,0.9795,0.7626,0.05742,0.4177,0.1407,0.01429,0.2435,0.05142,0.233,0.7071,0.06479,0.4721,0.1543,0.4106,0.07783,0.009015,0.09907,0.03515,ACDEFGHIKLMNPQRSTWY,V
111,3.93,3.80E-01,'EDRERKT-,0.2412,N,9.34E-01,9.91E-01,1.00E+00,1.00E+00,1.00E+00,1.00E+00,6.19,5.85,3.33,3.8,5.53,4.46,1.87,7.15,1.53,6.64,4.14,2.58,8.08,2.23,1.34,3.07,3.54,7.5,4.04,3.82,0.09048,0.1122,0.5346,0.4116,0.1381,0.2739,0.9185,0.04984,0.9656,0.06807,0.3359,0.7512,0.02883,0.8453,0.9814,0.6087,0.4773,0.04042,0.3557,0.4052,ACDEFGHIKLMNPQRSTVWY,
112,3.41,5.11E-01,'NNHNQLT-,0.2412,N,1.00E+00,1.00E+00,1.00E+00,1.00E+00,1.00E+00,1.00E+00,4.8,3.36,7.86,7.08,3.12,4.26,2.39,2.47,6.23,2.87,3.26,2.27,8.15,1.57,7.12,2.87,3.23,3.46,5.17,3.71,0.2211,0.5244,0.03264,0.05207,0.5951,0.3105,0.8025,0.7815,0.08815,0.667,0.5523,0.8338,0.02767,0.9621,0.05068,0.6686,0.5617,0.4971,0.1742,0.4327,ACDEFGHIKLMNPQRSTVWY,
113,3.46,4.99E-01,'GGGGKSME,0,N,1.00E+00,1.00E+00,1.00E+00,1.00E+00,1.00E+00,9.98E-01,3.51,4.66,3.41,2.45,4.09,1.98,2.84,5.91,2.18,3.51,1.98,2.35,6.77,1.72,2.93,1.41,4.15,7.02,3.87,5.62,0.4854,0.2426,0.5124,0.7887,0.3447,0.8996,0.6777,0.1081,0.8551,0.4833,0.8994,0.8139,0.06298,0.9425,0.6504,0.977,0.3321,0.05393,0.3948,0.13,ACDEFGHIKLMNPQRSTVWY,
114,29.69,2.33E-05,'TTTTTTTT,0,N,9.99E-01,2.36E-01,1.00E+00,1.66E-01,4.96E-01,1.79E-01,37.99,20.96,37.39,36.28,29.63,18.1,16.55,33.48,34.43,38.5,29.5,20.18,43.72,20.59,37.76,11.33,0.19,29.75,30.82,18.3,0.000005424,0.0001769,0.000005959,0.000007122,0.00002355,0.0004097,0.0006795,0.00001145,0.000009719,0.000005011,0.00002416,0.0002204,0.000002355,0.0001961,0.000005626,0.005383,1,0.000023,0.00001866,0.0003848,T,ACDEFGHIKLMNPQRSVWY
115,9.26,1.50E-02,'PPTPSGGP,0,N,9.99E-01,7.82E-01,1.00E+00,8.89E-01,9.79E-01,9.94E-01,8.26,8.9,34.73,32.65,10.15,1.88,11.65,15.04,26.72,13.94,8.05,9.61,2.63,8.4,32.16,1.45,2.55,14.05,7.25,5.34,0.026,0.01816,0.00000922,0.00001329,0.009464,0.9179,0.004652,0.00116,0.0000432,0.001763,0.0293,0.01249,0.7374,0.02403,0.00001453,0.9733,0.7613,0.001693,0.04688,0.1561,ACGMNPQSTWY,DEFHIKLRV
116,23.71,8.67E-05,'LLLLLLLL,0,N,2.66E-02,7.30E-02,1.00E+00,1.62E-01,1.09E-01,1.96E-01,21.92,24.63,34.83,29.94,12.59,26.63,20.32,15.46,28.01,0.13,10.65,18.3,36.32,15.01,33.02,22.76,26.81,25.8,22.06,24.92,0.0001368,0.00006947,0.000009074,0.00002212,0.003075,0.00004405,0.0002116,0.0009979,0.00003272,1,0.007401,0.0003856,0.000007084,0.001174,0.00001243,0.00011,0.00004233,0.00005297,0.0001317,0.00006489,L,ACDEFGHIKMNPQRSTVWY
117,2.87,6.68E-01,'LLELDITN,0,N,1.00E+00,1.00E+00,1.00E+00,1.00E+00,1.00E+00,1.00E+00,3.77,2.3,2.74,2.96,3.13,3.85,2.18,2.18,3.37,2.83,2.9,1.42,5.24,1.7,3.73,2.74,2.48,2.05,5.02,3.04,0.4191,0.8257,0.7067,0.6403,0.5911,0.3991,0.8557,0.8553,0.5225,0.6788,0.6575,0.9758,0.1662,0.9461,0.4284,0.705,0.7784,0.885,0.1924,0.6182,ACDEFGHIKLMNPQRSTVWY,
118,4.35,2.94E-01,'NEDNDEGS,0,N,9.89E-01,1.00E+00,9.95E-01,9.76E-01,1.00E+00,9.26E-01,4.71,5.93,2.22,2.59,5.91,2.71,3.92,7.86,3.59,6.41,3.87,2.08,6.27,2.67,4.14,2.29,4.55,8.39,5.27,5.98,0.2338,0.1068,0.8476,0.7479,0.1081,0.7138,0.3821,0.03275,0.4642,0.07877,0.3935,0.8784,0.0861,0.7249,0.3354,0.83,0.2593,0.02408,0.163,0.1032,ACDEFGHIKLMNPQRSTVWY,
119,9.26,1.50E-02,'WWWWWWYL,0,N,1.00E+00,8.27E-01,1.00E+00,7.99E-01,9.98E-01,4.96E-01,13.62,5.68,28.8,25.62,2.22,9.77,13.39,5.76,28.27,4.75,6.01,13.64,21.49,9.55,29.65,6.39,4.52,8.95,1.7,6.68,0.002005,0.1256,0.00002779,0.00005514,0.8472,0.0115,0.002196,0.1194,0.00003103,0.2289,0.1015,0.00199,0.0001534,0.01286,0.00002343,0.07996,0.2644,0.0177,0.945,0.06644,CFGILMQSTVWY,ADEHKNPR
120,23.71,8.67E-05,'LLLLLLLL,0,N,2.66E-02,7.30E-02,1.00E+00,1.62E-01,1.09E-01,1.96E-01,21.92,24.63,34.83,29.94,12.59,26.63,20.32,15.46,28.01,0.13,10.65,18.3,36.32,15.01,33.02,22.76,26.81,25.8,22.06,24.92,0.0001368,0.00006947,0.000009074,0.00002212,0.003075,0.00004405,0.0002116,0.0009979,0.00003272,1,0.007401,0.0003856,0.000007084,0.001174,0.00001243,0.00011,0.00004233,0.00005297,0.0001317,0.00006489,L,ACDEFGHIKMNPQRSTVWY
121,6.14,9.32E-02,'RRRRRRKG,0,N,9.52E-01,9.86E-01,9.49E-01,1.00E+00,1.00E+00,9.58E-01,6.05,8.77,7.66,5.02,8.58,4.04,3.93,11.74,1.18,6.23,4.71,5.5,12.86,2.84,1.69,2.6,7.56,13.58,6.99,10.68,0.09868,0.01959,0.03675,0.1917,0.02165,0.3571,0.3799,0.004458,0.9904,0.08801,0.2345,0.141,0.002737,0.6761,0.9467,0.7452,0.03888,0.002035,0.05502,0.007316,ACDEFGHKLMNQRSTW,IPVY
122,2.9,6.58E-01,'QRQQDCEY,0,N,1.00E+00,1.00E+00,1.00E+00,1.00E+00,1.00E+00,1.00E+00,4.22,2.82,2.39,2.7,2.98,3.24,2.1,3.42,2.66,3.77,3.01,1.68,5.46,1.9,3,2.4,2.33,3.4,3.58,2.22,0.3191,0.6835,0.8035,0.7179,0.6335,0.5597,0.8742,0.5093,0.7295,0.4177,0.6263,0.9487,0.1441,0.9147,0.6294,0.8,0.8201,0.5138,0.4653,0.8472,ACDEFGHIKLMNPQRSTVWY,
123,5.97,1.04E-01,'RRRRHQRL,0,N,1.00E+00,9.99E-01,9.96E-01,9.37E-01,9.60E-01,1.00E+00,7.66,8.98,5.32,6.24,4.84,9.92,3.12,5.69,2.17,2.14,2.4,4.28,12.96,2.33,1.96,7.6,8.03,8.87,6.99,6.47,0.03671,0.01739,0.1577,0.08774,0.2161,0.01062,0.5939,0.1248,0.8584,0.8647,0.8012,0.3071,0.002629,0.8185,0.9036,0.03802,0.02962,0.01852,0.05492,0.07565,ACDEFGHIKLMNQRSTVWY,P
124,4.58,2.55E-01,'GGSGENGK,0,N,9.91E-01,1.00E+00,1.00E+00,1.00E+00,1.00E+00,8.36E-01,4.36,8.03,4.11,2.74,7.57,2.08,4.78,10.39,2.4,6.08,4.35,2.52,8.94,2.06,4.09,2.38,7.15,11.91,6.52,9.66,0.2917,0.02966,0.3409,0.7051,0.03883,0.8793,0.2234,0.008419,0.8,0.09722,0.2943,0.7693,0.01778,0.8834,0.3463,0.807,0.04992,0.004126,0.07369,0.01215,ACDEFGHKLMNPQRSTWY,IV
125,6.66,6.74E-02,'VVIVITII,0,N,9.07E-01,3.19E-01,1.00E+00,1.00E+00,9.98E-01,5.08E-01,9.17,2.99,32.91,29.37,4.31,6.47,13.54,1.09,29.34,5.29,6.85,12.63,14.73,9.82,33.46,4.6,3.17,2.54,6.07,5.88,0.0157,0.6308,0.00001268,0.00002479,0.3017,0.07595,0.002074,0.9936,0.00002494,0.161,0.06002,0.003022,0.001302,0.01118,0.0000115,0.2509,0.579,0.7623,0.09771,0.1106,ACFGILMQSTVWY,DEHKNPR
126,18.36,3.77E-04,'DDDDDDDE,0,N,5.03E-02,3.82E-02,1.66E-02,9.20E-01,1.00E+00,4.96E-01,22.4,19.98,1.06,3.28,22.82,18.11,18.31,27.11,18.42,26.94,21.31,13.79,19.2,14.64,17.93,16.69,15.91,25.02,19.57,14.09,0.0001205,0.0002329,0.9945,0.5491,0.0001082,0.0004082,0.0003841,0.00003963,0.0003709,0.00004118,0.0001609,0.001875,0.0002927,0.001349,0.0004319,0.0006491,0.0008482,0.00006333,0.0002623,0.001667,DE,ACFGHIKLMNPQRSTVWY
127,4.48,2.71E-01,'EEAEETTN,0,N,9.99E-01,1.00E+00,1.00E+00,9.73E-01,1.00E+00,1.00E+00,4.2,3.71,3.02,3.01,6.57,4.46,3,6.03,4.65,6.24,4.5,1.51,5.22,2.39,5.02,2.64,2.32,5.16,8.58,5.56,0.3221,0.4316,0.6224,0.6268,0.07143,0.2745,0.6304,0.1004,0.243,0.08748,0.2677,0.9676,0.1691,0.8041,0.1916,0.7355,0.8215,0.1756,0.02172,0.1358,ACDEFGHIKLMNPQRSTVWY,
128,15.13,1.12E-03,'VVVVLVVL,0,N,3.28E-02,8.20E-02,1.00E+00,1.00E+00,9.90E-01,8.47E-01,9.15,6.61,38.64,34.52,8.01,14.63,18.51,1.89,28.46,4.27,11.28,17.58,16.68,16.72,34.74,14.6,15.62,2.83,16.76,14.28,0.01594,0.06959,0.000004905,0.00000957,0.02988,0.001352,0.0003606,0.9167,0.00002984,0.3089,0.005502,0.0004831,0.0006511,0.0006431,0.00000921,0.00137,0.0009423,0.68,0.0006331,0.001549,ACFILV,DEGHKMNPQRSTWY
129,3.28,5.47E-01,'DDDDIIYI,0,N,1.00E+00,1.00E+00,1.00E+00,1.00E+00,1.00E+00,1.00E+00,5.25,2.8,3.56,5.32,1.92,4.94,2.53,1.5,3.52,2.91,3.8,2.48,10.37,2.6,3.91,3.43,3.13,1.67,3.74,2.25,0.166,0.6871,0.4715,0.158,0.9096,0.2016,0.7654,0.9686,0.4811,0.6566,0.4109,0.7787,0.008481,0.7466,0.385,0.5053,0.5912,0.9491,0.4264,0.8389,ACDEFGHIKLMNQRSTVWY,P
130,14.31,1.53E-03,'VVVVVIVL,0,N,3.46E-02,8.97E-02,1.00E+00,9.99E-01,9.88E-01,6.71E-01,9.75,6.26,36.95,32.94,8.05,13.68,17.72,1.97,27.64,5.16,11.55,16.02,16.79,15.39,33.38,13.67,14.88,2.62,16.35,13.71,0.01161,0.08666,0.000006395,0.0000126,0.0293,0.001954,0.0004627,0.9005,0.00003539,0.1756,0.004861,0.000818,0.0006279,0.00102,0.00001166,0.001963,0.001232,0.7401,0.0007294,0.001932,ACFILV,DEGHKMNPQRSTWY
131,4.48,2.72E-01,'VVVVMGVT,0,N,9.95E-01,5.63E-01,1.00E+00,1.00E+00,1.00E+00,9.98E-01,4.06,1.21,32.29,29.74,3.84,2.52,12.38,2.26,27.24,3.63,4.78,10.08,7.39,8.11,31.05,1.87,1.84,1.48,4.29,4.66,0.3511,0.9888,0.00001419,0.00002301,0.4018,0.7686,0.003363,0.8361,0.00003858,0.4541,0.2247,0.009837,0.04323,0.02827,0.00001786,0.9189,0.924,0.9707,0.3058,0.2421,ACFGILMPQSTVWY,DEHKNR
132,22.22,1.26E-04,'GGGGGGGG,0,N,1.00E+00,2.83E-01,1.00E+00,1.82E-02,3.95E-02,9.12E-02,22.05,19.13,35.86,35.36,19.29,0.12,20.65,28.17,29.14,25.42,16.97,13.3,24.4,18.09,36.52,7.5,17.42,29.36,22.39,25.11,0.000132,0.0002992,0.000007629,0.000008293,0.0002852,1,0.0001929,0.00003166,0.00002597,0.00005778,0.00059,0.00228,0.00007335,0.0004107,0.00000685,0.04042,0.00051,0.00002483,0.0001209,0.00006202,GS,ACDEFHIKLMNPQRTVWY
133,14.59,1.37E-03,'IIVILLIV,0,N,4.08E-02,8.77E-02,1.00E+00,9.91E-01,9.54E-01,7.90E-01,9.28,7.24,37.77,33.39,7.26,14.26,17.69,1.04,27.99,3.78,10.57,16.66,17.54,15.5,33.86,13.92,14.92,3.86,15.51,13.66,0.01482,0.04717,0.000005612,0.00001165,0.04675,0.001556,0.0004672,0.9949,0.00003286,0.4156,0.007692,0.0006543,0.0004906,0.0009806,0.00001071,0.001781,0.001216,0.3977,0.0009786,0.001973,ACFILV,DEGHKMNPQRSTWY
134,30.18,2.11E-05,'AAAAAAAA,0,N,9.39E-02,1.67E-01,1.00E+00,3.23E-02,6.17E-02,1.29E-01,0.23,29.92,43.15,37.64,26.73,22.29,30.44,29.36,32.71,18.63,16.54,22.93,38.15,23.86,40.43,23.39,33.24,35.49,33.74,39.54,1,0.00002221,0.000002547,0.000005731,0.00004307,0.000124,0.00002008,0.00002485,0.00001314,0.0003476,0.0006831,0.0001053,0.000005288,0.00008362,0.000003753,0.00009378,0.00001194,0.00000812,0.00001094,0.000004277,A,CDEFGHIKLMNPQRSTVWY
135,16.62,6.64E-04,'TTTTTTTG,0,N,1.00E+00,2.55E-01,1.00E+00,9.62E-01,9.62E-01,1.00E+00,17.83,19.3,39.98,35.21,19.22,3.87,13.9,30.48,29.78,27.82,15.32,13.49,10.19,12.19,37.86,1.38,1.32,29.02,8.16,6.14,0.0004466,0.0002842,0.000004009,0.000008511,0.0002907,0.3952,0.001795,0.00001991,0.00002285,0.00003407,0.001049,0.002112,0.009274,0.003656,0.000005536,0.9789,0.9832,0.00002658,0.02745,0.09318,GSTWY,ACDEFHIKLMNPQRV
136,19.5,2.68E-04,'DDDDDDDN,0,N,5.03E-02,5.50E-01,9.34E-01,1.27E-01,6.02E-01,7.20E-02,22.98,22.72,1.18,21.44,26.97,17.85,10.11,30.46,12.4,29.4,20.97,3.85,33.69,11.31,14.18,11.32,12.48,28.95,25.06,17.9,0.000104,0.0001111,0.9902,0.0001555,0.00004084,0.0004443,0.009689,0.00002002,0.003326,0.00002462,0.0001763,0.398,0.00001105,0.005419,0.001608,0.005396,0.003216,0.000027,0.00006272,0.0004363,DN,ACEFGHIKLMPQRSTVWY
137,4.95,2.01E-01,'HHHHYYFI,0,N,1.00E+00,9.99E-01,1.00E+00,8.89E-01,1.00E+00,9.30E-01,9.29,4.82,8.78,9.42,2.16,7.18,2.96,2.42,7.41,4.7,5.93,5.08,14.13,4.4,8.51,5.13,4.37,3.9,4.76,2.23,0.01478,0.2183,0.01948,0.01375,0.8613,0.04896,0.6423,0.7954,0.04257,0.2353,0.1069,0.185,0.001639,0.2847,0.02252,0.179,0.2904,0.3865,0.2276,0.8439,ACDEFGHIKLMNQRSTVWY,P
138,22.47,1.19E-04,'CCCCCCCC,0,N,5.10E-02,1.22E-01,1.00E+00,8.70E-02,5.41E-01,8.32E-02,31.68,0.15,33.87,36.35,21.32,15.41,20.77,14.97,32.58,24.77,27.15,20.06,38.89,23.55,34.86,14.04,13.96,8.57,32.95,21.23,0.00001587,1,0.0000107,0.000007044,0.0001602,0.001015,0.0001867,0.00119,0.00001347,0.00006713,0.00003935,0.0002277,0.000004721,0.00009012,0.000009026,0.001698,0.001754,0.02188,0.00001259,0.0001643,CV,ADEFGHIKLMNPQRSTWY
139,15.47,9.93E-04,'VVVVVVVI,0,N,2.59E-02,9.48E-02,1.00E+00,1.00E+00,9.92E-01,3.15E-02,20.54,5.11,32.04,29.32,10.94,14.68,17.4,4.49,28.03,12.87,17.04,15.5,25.14,15.44,31.51,13.62,13.62,1.48,18.66,13.17,0.0001991,0.1809,0.00001484,0.00002502,0.006446,0.001329,0.0005128,0.2702,0.00003259,0.002729,0.0005768,0.0009832,0.00006167,0.001003,0.0000164,0.002005,0.002004,0.9705,0.0003451,0.002405,CIV,ADEFGHKLMNPQRSTWY
140,5.89,1.09E-01,'RRRRKKAL,0,N,1.00E+00,1.00E+00,9.93E-01,1.00E+00,7.03E-01,1.00E+00,4.15,8.45,6.18,6.72,5.84,9.12,5.04,5.95,1.73,2.28,2.59,5.09,20.51,1.91,1.5,6.38,8.01,8.58,5.53,7.94,0.3333,0.02338,0.09137,0.06473,0.1134,0.01617,0.189,0.1053,0.9408,0.8317,0.7489,0.1838,0.0002007,0.9128,0.9686,0.08043,0.03002,0.02166,0.1382,0.03125,ACDEFGHIKLMNQRSTVWY,P
141,3.62,4.56E-01,'QRQQFTWF,0,N,1.00E+00,1.00E+00,1.00E+00,9.98E-01,1.00E+00,9.98E-01,6.6,3.7,6.79,8.03,1.33,4.88,2.63,2.68,5.9,3.53,4,3.22,13.67,3,6.35,2.69,3.15,3.88,2.06,2.91,0.07011,0.4344,0.06196,0.02967,0.9821,0.2101,0.7368,0.7231,0.1089,0.4796,0.3649,0.5654,0.001966,0.6292,0.08175,0.721,0.5855,0.3909,0.8822,0.6562,ACDEFGHIKLMNQRSTVWY,P
142,29.69,2.33E-05,'TTTTTTTT,0,N,9.99E-01,2.36E-01,1.00E+00,1.66E-01,4.96E-01,1.79E-01,37.99,20.96,37.39,36.28,29.63,18.1,16.55,33.48,34.43,38.5,29.5,20.18,43.72,20.59,37.76,11.33,0.19,29.75,30.82,18.3,0.000005424,0.0001769,0.000005959,0.000007122,0.00002355,0.0004097,0.0006795,0.00001145,0.000009719,0.000005011,0.00002416,0.0002204,0.000002355,0.0001961,0.000005626,0.005383,1,0.000023,0.00001866,0.0003848,T,ACDEFGHIKLMNPQRSVWY
143,7.51,4.02E-02,'AAAAVVAA,0,N,7.61E-01,2.88E-01,1.00E+00,9.79E-01,9.54E-01,1.00E+00,1.84,4.02,39.4,34.45,5.94,7.05,13.36,3.47,29.79,3.73,6.18,15.02,14.08,11.8,36.5,6.05,6.39,3.34,7.94,8.3,0.9242,0.36,0.000004369,0.00000967,0.1065,0.05306,0.002227,0.4952,0.00002282,0.4284,0.09136,0.001169,0.001674,0.004336,0.000006878,0.09878,0.07967,0.5307,0.03117,0.02544,ACFGILMSTVWY,DEHKNPQR
144,3.64,4.51E-01,'EEEELLLN,0,N,1.00E+00,1.00E+00,1.00E+00,1.00E+00,9.98E-01,1.00E+00,3.75,4.16,3.52,2.72,2.72,4.99,2.66,2.54,3.32,1.39,1.81,2.17,5.78,1.41,3.86,3.92,4.16,4,4.52,3.77,0.4227,0.3304,0.4806,0.7107,0.7118,0.1953,0.7302,0.7618,0.5376,0.9785,0.9293,0.8577,0.1174,0.977,0.3963,0.3837,0.3317,0.3642,0.2641,0.4182,ACDEFGHIKLMNPQRSTVWY,
145,5.86,1.12E-01,'DDGDDQDD,0,N,7.86E-01,9.61E-01,9.64E-01,9.84E-01,1.00E+00,6.55E-01,7.48,8.16,1.19,5.06,7.67,4.61,5.17,10.27,4.39,8.94,5.79,2.49,8.77,4.12,5.12,3.89,5.93,10.81,5.94,6.87,0.04099,0.02755,0.9899,0.1873,0.03661,0.2501,0.1739,0.008935,0.2872,0.01778,0.1172,0.778,0.01954,0.3387,0.1802,0.3892,0.1066,0.006874,0.1062,0.0592,ACDEFGHKLMNPQRSTWY,IV
146,14.62,1.36E-03,'AAAAALAA,0,N,6.16E-01,3.05E-01,1.00E+00,9.87E-01,1.19E-01,9.98E-01,1,13.66,42.7,32.8,8.8,17.92,17.54,7.3,29.72,3.99,5.61,20.2,36.29,14.07,35.72,14.15,15.08,11.45,11.93,16.31,0.996,0.001974,0.00000271,0.00001293,0.01919,0.0004335,0.0004892,0.04559,0.00002311,0.3661,0.1308,0.0002191,0.000007109,0.00168,0.000007813,0.001628,0.001145,0.005088,0.00409,0.0007392,AFILM,CDEGHKNPQRSTVWY
147,3.99,3.67E-01,'VAVVLLVH,0,N,9.98E-01,9.94E-01,1.00E+00,1.00E+00,9.99E-01,9.94E-01,5.65,3.67,9.09,7.44,3.38,5.91,2.75,1.44,6.73,2.96,3.98,3.97,10.73,2.48,8.46,4.02,3.76,2.61,6.06,4.01,0.1281,0.4425,0.01646,0.04192,0.5196,0.108,0.7025,0.9746,0.06466,0.6401,0.3702,0.372,0.007138,0.7802,0.02315,0.3594,0.4193,0.7427,0.09856,0.3632,ACDEFGHIKLMNQRSTVWY,P
148,7.11,5.11E-02,'RRRRQKKM,0,N,9.99E-01,9.99E-01,9.92E-01,8.70E-01,7.67E-01,1.00E+00,8.79,11.24,6.45,7.57,6.31,13.18,4.96,6.61,1.63,3.08,2.57,5.73,19.58,2.41,1.54,9.89,10.16,10.32,8.22,8.09,0.0193,0.005601,0.07682,0.03866,0.08389,0.002394,0.1996,0.06928,0.9554,0.6066,0.7538,0.1212,0.000262,0.7982,0.9651,0.01079,0.009444,0.008698,0.02662,0.02867,ADEFHIKLMNQRSWY,CGPTV
149,3.25,5.57E-01,'NAANLGQR,0,N,1.00E+00,1.00E+00,1.00E+00,1.00E+00,1.00E+00,9.99E-01,2.77,4.68,3.94,3.66,3.94,2.21,2.61,5.19,2.03,2.31,2.09,1.97,6.62,1.61,2.52,2.04,4.5,6.53,4.03,5.6,0.6974,0.2393,0.3791,0.4444,0.3773,0.8485,0.7439,0.1721,0.8882,0.8255,0.876,0.901,0.06885,0.9574,0.7697,0.8862,0.2673,0.07294,0.359,0.1318,ACDEFGHIKLMNPQRSTVWY,
150,11.26,5.54E-03,'GGGGGGGN,0,N,1.00E+00,1.00E+00,1.00E+00,6.95E-01,6.66E-01,3.55E-01,7.44,11.48,24.17,24.72,10.66,1.22,12.04,13.93,23.02,7.68,7.43,3.88,12.58,5.46,22.98,4.23,11.04,16.54,10.45,14.39,0.04189,0.005009,0.00007751,0.00006801,0.007364,0.9886,0.003892,0.001771,0.0001029,0.03626,0.0422,0.3924,0.003083,0.1446,0.0001039,0.3175,0.006151,0.0006837,0.008172,0.001481,AGLMNQS,CDEFHIKPRTVWY
151,5.88,1.10E-01,'LLFLYRFY,0,N,1.00E+00,1.00E+00,1.00E+00,4.06E-01,1.00E+00,9.70E-01,10.88,8.65,6.83,8.46,1.37,11.91,3.61,3.36,4.5,3.55,4.32,6.43,11.44,5.11,4.48,9.37,7.87,6.71,5.27,2.45,0.006647,0.02085,0.06077,0.02322,0.9798,0.004122,0.4593,0.5248,0.2673,0.4736,0.3002,0.07756,0.005106,0.1811,0.2707,0.01416,0.03252,0.06528,0.1639,0.7877,CDEFHIKLMNQRSTVWY,AGP
152,4.45,2.76E-01,'ATAAKWKK,0,N,9.99E-01,1.00E+00,9.92E-01,1.00E+00,9.84E-01,1.00E+00,4.67,6.1,4.85,5.92,4.23,5.84,3.24,5.12,1.15,3.22,2.53,3.11,14.21,1.92,1.96,3.88,5.47,6.85,3.72,5.86,0.2408,0.09557,0.2146,0.1072,0.3178,0.1128,0.5593,0.1803,0.9915,0.5643,0.7663,0.5965,0.001587,0.9096,0.9039,0.3915,0.1436,0.06003,0.4301,0.1116,ACDEFGHIKLMNQRSTVWY,P
153,3.85,3.98E-01,'TTTTVQTL,0,N,1.00E+00,9.98E-01,1.00E+00,1.00E+00,1.00E+00,9.98E-01,5.42,2.47,24.83,23.79,3.46,4.16,11.51,1.97,23.95,3.55,4.04,3.66,8.86,2.76,24.13,2.55,2.38,2.36,5.78,3.62,0.1483,0.7812,0.00006621,0.000085,0.4981,0.3314,0.004946,0.9008,0.0000818,0.4739,0.3558,0.4459,0.01857,0.7006,0.00007835,0.7587,0.8055,0.8129,0.1175,0.4548,ACFGILMNPQSTVWY,DEHKR
154,2.88,6.65E-01,'RRRRNVLY,0,N,1.00E+00,1.00E+00,1.00E+00,9.99E-01,1.00E+00,1.00E+00,4.75,3.03,3.74,5.11,1.89,4.47,1.62,1.55,2.55,2.42,2.98,2.1,8.79,2.2,2.78,3.13,3.04,2.45,3.6,2.42,0.2283,0.621,0.4249,0.1818,0.9157,0.2724,0.9564,0.9642,0.7599,0.7948,0.6361,0.8748,0.01937,0.8518,0.6952,0.5907,0.6176,0.7876,0.4616,0.7965,ACDEFGHIKLMNPQRSTVWY,
155,20.95,1.77E-04,'VVVVVVVV,0,N,2.35E-02,8.20E-02,1.00E+00,1.00E+00,9.83E-01,2.28E-02,27.75,9.32,33.13,32.45,21.09,23.22,17.83,11.96,30.41,20.81,24.43,15.88,38.09,17.56,33.95,17.62,15.28,0.11,33.75,19.81,0.00003459,0.01457,0.00001219,0.00001377,0.0001706,0.00009795,0.0004464,0.004044,0.00002019,0.0001843,0.00007284,0.0008582,0.000005344,0.0004871,0.00001056,0.0004771,0.001064,1,0.00001093,0.0002451,CV,ADEFGHIKLMNPQRSTWY
156,4,3.65E-01,'LLLLIVIP,0,N,9.85E-01,8.03E-01,1.00E+00,1.00E+00,1.00E+00,1.00E+00,3.6,2.79,28.86,27.82,3.22,5.3,11.6,1.2,24.49,1.74,3.25,6.99,2.89,5.67,26.47,4.25,3.73,1.38,4.74,3.5,0.4615,0.69,0.00002747,0.00003407,0.565,0.1598,0.00476,0.9896,0.00007176,0.9408,0.5562,0.0548,0.6625,0.1259,0.00004563,0.313,0.4271,0.9788,0.2302,0.4882,ACFGILMNPQSTVWY,DEHKR
157,3.46,4.98E-01,'VVLVTNEQ,0,N,1.00E+00,1.00E+00,1.00E+00,1.00E+00,1.00E+00,1.00E+00,4.23,3.13,3.8,3.08,4.2,5.25,2.19,2.77,4.11,3.32,3.07,1.69,5.41,1.29,4.77,3.59,2.98,2.7,6.78,4.07,0.3167,0.5918,0.4102,0.6047,0.3232,0.1653,0.8533,0.6961,0.3412,0.5362,0.6084,0.9467,0.1497,0.985,0.226,0.463,0.6358,0.7177,0.06239,0.3488,ACDEFGHIKLMNPQRSTVWY,
158,5.29,1.62E-01,'DHDDDADD,0,N,9.96E-01,9.85E-01,9.58E-01,8.27E-01,1.00E+00,6.96E-01,5.07,6.74,1.22,4.31,6.83,6.09,5.19,6.66,5.09,5.11,4.81,2.38,7.74,3.86,5.38,5.13,6.68,7.86,9.35,7.99,0.1858,0.0642,0.9886,0.3012,0.06073,0.09674,0.1717,0.06738,0.1841,0.1817,0.2201,0.8069,0.03516,0.3975,0.1523,0.1791,0.06654,0.03275,0.01431,0.03032,ACDEFGHIKLMNPQRSTVWY,
159,5.46,1.45E-01,'LLLLGAAC,0,N,9.24E-01,3.89E-01,1.00E+00,9.97E-01,1.00E+00,1.00E+00,2.1,2.68,36.02,33.37,4.34,3.1,12.61,2.51,28.69,2.54,4.89,12.02,6.32,10.18,34.61,3.49,4.92,3.23,5.95,7.08,0.874,0.7234,0.000007442,0.00001169,0.2954,0.6007,0.003049,0.7702,0.00002843,0.7641,0.2084,0.003938,0.08362,0.009358,0.000009415,0.4899,0.2049,0.561,0.1054,0.05212,ACFGILMPSTVWY,DEHKNQR
160,7.3,4.56E-02,'TTTTCCCI,0,N,9.71E-01,3.90E-01,1.00E+00,1.00E+00,1.00E+00,7.30E-01,10.21,0.99,33.51,30.1,5.32,5.87,13.26,2.63,29.74,6.3,8.08,12.8,14.58,10.01,34.39,3.92,1.85,2.45,6.42,5.57,0.009186,0.996,0.00001139,0.00002147,0.1577,0.1113,0.002319,0.7386,0.00002301,0.08462,0.02882,0.002812,0.001379,0.01018,0.000009782,0.3834,0.9223,0.7866,0.07805,0.135,CFGILMQSTVWY,ADEHKNPR
161,8.06,2.91E-02,'AAAARRKA,0,N,1.00E+00,1.00E+00,9.96E-01,1.00E+00,5.77E-01,8.75E-01,3.33,14.43,7.91,6.1,12.98,9.48,8.22,15.36,2.68,7.35,6.56,6.19,21.44,2.4,3.18,7.84,13.2,18.51,10.97,15.64,0.5327,0.00146,0.03177,0.09612,0.002605,0.01335,0.02665,0.001034,0.7233,0.04409,0.07149,0.09073,0.0001553,0.8022,0.577,0.03316,0.002378,0.0003606,0.006376,0.0009339,ADEGHKLMNQRS,CFIPTVWY
162,12.22,3.61E-03,'GAGGGGGS,0,N,1.00E+00,3.72E-01,1.00E+00,2.38E-01,9.36E-01,7.25E-01,8.9,8.66,40.23,37.17,9.65,0.82,13.8,12.57,32.02,11.59,8.3,13.29,11.95,12.05,41.33,2.99,8.56,13.44,12.38,14.03,0.01816,0.02079,0.00000386,0.000006171,0.0122,0.9986,0.001867,0.00309,0.0000149,0.004778,0.02544,0.002296,0.004059,0.003882,0.000003292,0.6306,0.02199,0.002156,0.003359,0.001705,ACFGMST,DEHIKLNPQRVWY
163,3.44,5.02E-01,'VAIVVIIN,0,N,9.98E-01,9.99E-01,1.00E+00,1.00E+00,1.00E+00,1.00E+00,4.54,2.42,24.83,23.62,2.76,4.7,11.43,1.42,23.44,2.78,3.71,2.73,9.58,1.93,23.5,3.16,2.94,1.18,4.75,2.97,0.2612,0.7952,0.00006624,0.00008866,0.7005,0.2366,0.005125,0.9755,0.00009254,0.6939,0.4333,0.7087,0.01267,0.9078,0.00009139,0.5828,0.6476,0.9902,0.2291,0.6374,ACFGILMNPQSTVWY,DEHKR
164,5.61,1.31E-01,'SASSNADN,0,N,1.00E+00,1.00E+00,1.00E+00,6.71E-01,1.00E+00,8.57E-01,3.6,6.14,3.71,4.58,7.52,4.8,4.68,6.97,5.66,5.56,4.83,1.57,7.5,3.42,6.2,3.72,5.82,7.78,10.39,8.49,0.4619,0.09362,0.434,0.2539,0.03989,0.2208,0.2384,0.05565,0.1267,0.1355,0.2165,0.9617,0.04034,0.5098,0.08994,0.4294,0.115,0.03416,0.008421,0.02286,ACDEFGHIKLMNPQRSTVY,W
165,2.65,7.32E-01,'AEAAIPLD,0,N,1.00E+00,1.00E+00,1.00E+00,1.00E+00,1.00E+00,1.00E+00,2.61,2.14,2.71,2.71,2.35,3.33,2.69,1.87,3.15,1.9,2.06,1.79,2.34,2.06,3.62,2.8,2.88,2.1,4.03,2.88,0.7432,0.8655,0.7149,0.7137,0.8136,0.534,0.7205,0.9197,0.5857,0.9136,0.8818,0.9318,0.8163,0.8836,0.4561,0.6866,0.665,0.8751,0.3584,0.6634,ACDEFGHIKLMNPQRSTVWY,
166,10.61,7.55E-03,'DDEDQENQ,0,N,5.03E-02,8.69E-01,9.98E-01,1.00E+00,9.99E-01,8.23E-01,22.7,24.51,4.16,2.38,26.14,12.52,3.94,34.17,3.94,31.87,21.25,2.32,12.54,2.2,5.99,9.64,9.45,32.52,11.5,9.56,0.0001117,0.00007142,0.3308,0.8067,0.00004906,0.003162,0.3791,0.00001016,0.3792,0.00001533,0.0001634,0.8217,0.003132,0.8525,0.103,0.01229,0.01356,0.00001361,0.004965,0.01279,DEHKNQRSTY,ACFGILMPVW
167,10.41,8.35E-03,'TSTTDTSD,0,N,9.96E-01,1.00E+00,9.98E-01,6.81E-01,6.09E-01,1.00E+00,15.72,4.89,2.09,21.95,11.23,8.73,5.51,12.2,10.43,14.49,14.92,2.14,31.23,10.38,12.72,2.46,1.39,8.16,13.73,8.51,0.0009062,0.2083,0.8766,0.0001357,0.005619,0.01995,0.1402,0.003631,0.008245,0.001429,0.001212,0.8656,0.00001727,0.00846,0.002903,0.7842,0.9781,0.02753,0.001919,0.02263,CDGHNSTVY,AEFIKLMPQRW
168,2.87,6.68E-01,'TATTSILN,0,N,1.00E+00,1.00E+00,1.00E+00,1.00E+00,1.00E+00,1.00E+00,3.81,1.9,24.78,23.88,2.54,2.84,11.34,1.81,23.43,2.67,3.22,2.17,7.01,1.7,23.48,1.82,2.29,2,4.1,2.89,0.4074,0.9138,0.00006705,0.00008306,0.7622,0.6759,0.005343,0.9298,0.00009294,0.7266,0.5655,0.8579,0.0542,0.9461,0.00009177,0.928,0.83,0.8959,0.343,0.6611,ACFGILMNPQSTVWY,DEHKR
169,3.63,4.54E-01,'VAEVAEEI,0,N,1.00E+00,1.00E+00,9.96E-01,1.00E+00,8.95E-01,1.00E+00,2.81,3.99,3.87,1.87,3.58,5.06,3.42,2.73,3.64,2.37,2.15,3.06,8.83,1.93,3.83,3.76,3.98,3.62,4.92,4.25,0.6851,0.3664,0.3945,0.919,0.4653,0.1876,0.5092,0.7076,0.4514,0.8085,0.8623,0.6125,0.0189,0.9093,0.4039,0.4202,0.3686,0.4561,0.2043,0.3124,ACDEFGHIKLMNPQRSTVWY,
170,3.84,4.00E-01,'ARVAHTQH,0,N,1.00E+00,1.00E+00,9.99E-01,1.00E+00,1.00E+00,1.00E+00,5.71,3.26,6.11,6.35,3.67,4.53,1.31,2.93,4.37,3.98,4.11,2.43,10.07,2.32,5.2,2.79,2.85,3.31,5.71,3.71,0.1234,0.5542,0.09494,0.08179,0.4432,0.2633,0.9834,0.6494,0.2898,0.3696,0.3414,0.7938,0.009896,0.8215,0.1708,0.6912,0.6728,0.5389,0.123,0.434,ACDEFGHIKLMNQRSTVWY,P
171,30.18,2.11E-05,'AAAAAAAA,0,N,9.39E-02,1.67E-01,1.00E+00,3.23E-02,6.17E-02,1.29E-01,0.23,29.92,43.15,37.64,26.73,22.29,30.44,29.36,32.71,18.63,16.54,22.93,38.15,23.86,40.43,23.39,33.24,35.49,33.74,39.54,1,0.00002221,0.000002547,0.000005731,0.00004307,0.000124,0.00002008,0.00002485,0.00001314,0.0003476,0.0006831,0.0001053,0.000005288,0.00008362,0.000003753,0.00009378,0.00001194,0.00000812,0.00001094,0.000004277,A,CDEFGHIKLMNPQRSTVWY
172,10.7,7.25E-03,'LLLLFWWL,0,N,9.94E-01,2.72E-01,1.00E+00,9.31E-01,9.77E-01,4.83E-01,12.75,6.71,35.74,30.99,3.47,10.08,15.13,7.18,32.35,2.82,4.75,17.81,23.4,13.11,37.02,6.57,5.84,10.85,2.67,10.54,0.002865,0.0652,0.000007783,0.00001807,0.4946,0.009823,0.001122,0.04884,0.00001404,0.6814,0.2286,0.0004489,0.00009346,0.002471,0.000006324,0.07127,0.1131,0.006723,0.7266,0.007828,CFILMSTW,ADEGHKNPQRVY
173,4.22,3.19E-01,'EDAEMQQK,0,N,1.00E+00,1.00E+00,1.00E+00,1.00E+00,9.73E-01,9.97E-01,3.83,6.72,4.22,3.59,4.87,5.42,3.69,5.88,2.29,2.95,2.11,2.68,11.08,1.06,3.05,4.22,6.17,7.85,5,6.61,0.4039,0.06489,0.3191,0.4646,0.2116,0.1483,0.4382,0.1103,0.8288,0.6444,0.8724,0.7239,0.006035,0.9944,0.614,0.3188,0.0918,0.03282,0.1942,0.06954,ACDEFGHIKLMNQRSTVWY,P
174,2.96,6.41E-01,'EEREEETI,0,N,1.00E+00,1.00E+00,1.00E+00,1.00E+00,9.92E-01,1.00E+00,3.93,3.46,2.56,1.96,3.38,5.11,2.14,2.42,2.75,2.57,2.2,2.21,5.73,1.57,2.87,3.68,3.28,3.04,5.5,3.51,0.3815,0.4966,0.7577,0.9028,0.521,0.1817,0.865,0.797,0.7032,0.7537,0.8506,0.85,0.1212,0.9613,0.6669,0.4395,0.5489,0.6168,0.1409,0.4831,ACDEFGHIKLMNPQRSTVWY,
175,24.07,7.95E-05,'MMM-MMMM,0.0328,N,8.47E-02,5.40E-02,1.00E+00,2.38E-01,7.16E-02,3.04E-01,20.48,26.32,34.69,29.9,15.08,26.02,20.98,21.99,27.72,13.49,0.13,18.48,36.3,15.25,32.16,21.56,25.97,30.01,21.52,26,0.0002023,0.00004717,0.000009283,0.00002231,0.001144,0.00005038,0.0001758,0.000134,0.00003478,0.002116,1,0.0003638,0.000007097,0.001075,0.00001454,0.0001505,0.00005096,0.00002185,0.0001521,0.00005066,M,ACDEFGHIKLNPQRSTVWY
176,5.53,1.38E-01,'RRR-SHQE,0.0328,N,8.55E-01,9.96E-01,1.00E+00,1.00E+00,1.00E+00,9.88E-01,7.92,8.8,5.8,3.05,8.14,5,3.02,11.34,1.93,8.69,5.25,4.31,11.66,1.82,2.47,3.17,6.02,12.5,5.21,7.92,0.03162,0.01924,0.1164,0.6152,0.02776,0.1944,0.6228,0.005362,0.908,0.02041,0.1651,0.3022,0.004615,0.9281,0.7812,0.578,0.1008,0.003194,0.1696,0.03154,ACDEFGHKLMNQRSTWY,IPV
177,5.14,1.77E-01,'TST-ASQT,0.0328,N,1.00E+00,9.99E-01,1.00E+00,9.72E-01,1.00E+00,1.00E+00,5.23,3.48,25.33,24.51,5.1,2.85,11.13,5.19,23.39,5.69,4.36,3.26,8.2,2.85,23.59,1.21,2.4,5.1,6.62,5,0.1676,0.493,0.00005895,0.00007146,0.1822,0.6744,0.005904,0.1723,0.00009372,0.1248,0.2927,0.5526,0.02695,0.6736,0.00008926,0.989,0.802,0.1829,0.06897,0.1939,ACFGILMNPQSTVWY,DEHKR
178,4.76,2.28E-01,'AAA-AAQT,0.0328,N,1.00E+00,9.99E-01,1.00E+00,9.61E-01,9.97E-01,1.00E+00,2.64,4.56,25.99,25.01,4.86,3.63,10.91,4.63,22.91,3.67,3.13,3.83,8.68,3.06,23.22,2.83,4.65,5.64,6.67,6.47,0.734,0.2572,0.00005075,0.00006356,0.2128,0.4534,0.006549,0.2465,0.0001058,0.4435,0.5921,0.4039,0.02051,0.6101,0.00009786,0.6787,0.2434,0.1284,0.06678,0.07563,ACFGILMNPQSTVWY,DEHKR
179,4.63,2.47E-01,'SGG-GGGL,0.0328,N,1.00E+00,6.61E-01,1.00E+00,9.91E-01,9.99E-01,9.99E-01,3.42,2.76,33.19,31.09,4.07,0.93,12.2,3.24,27.55,2.82,4.66,10.16,5.78,8.52,32.18,1.66,3.78,4.03,4.6,6.34,0.5095,0.6993,0.00001207,0.00001772,0.3491,0.9972,0.003637,0.5589,0.0000361,0.6823,0.2427,0.009423,0.1175,0.02241,0.00001449,0.9505,0.4146,0.3577,0.2508,0.08208,ACFGILMPQSTVWY,DEHKNR
180,3.27,5.50E-01,'VIV-AAVK,0.0328,N,1.00E+00,1.00E+00,1.00E+00,1.00E+00,9.78E-01,1.00E+00,3.24,3.64,5.24,4.97,2.97,5.43,3.01,1.82,2.63,2.13,2.72,3.31,12.89,2.12,3.08,3.55,3.91,2.82,4.4,4.1,0.5594,0.4512,0.1668,0.1985,0.638,0.1473,0.6268,0.9278,0.7362,0.8669,0.7103,0.5403,0.002699,0.8703,0.6046,0.4738,0.3847,0.6818,0.2856,0.3429,ACDEFGHIKLMNQRSTVWY,P
181,3.1,5.99E-01,'EEA-TIVA,0.0328,N,9.96E-01,9.98E-01,1.00E+00,1.00E+00,9.97E-01,1.00E+00,2.73,2.38,6.89,5.28,3.06,3.58,3.37,2.13,5.35,2.56,2.76,3.05,7.57,2.43,6.68,2.66,3.15,2.36,4.85,3.89,0.7096,0.8059,0.05828,0.1628,0.6126,0.4657,0.5215,0.8673,0.1555,0.7579,0.7009,0.613,0.03868,0.792,0.06635,0.7287,0.5857,0.8114,0.2144,0.389,ACDEFGHIKLMNPQRSTVWY,
182,3.62,4.56E-01,'LLL-LI-N,0.2172,N,1.00E+00,1.00E+00,1.00E+00,1.00E+00,1.00E+00,1.00E+00,4.05,3.33,24.67,23.72,2.22,4.9,11.38,1.25,23.32,1.61,2.61,2.67,7.83,1.64,23.3,3.63,3.61,2.54,4.2,3.15,0.3546,0.535,0.00006873,0.00008646,0.8461,0.2079,0.005257,0.9872,0.00009556,0.9572,0.7438,0.7262,0.03323,0.953,0.00009581,0.4536,0.4585,0.7635,0.3234,0.5846,ACFGILMNPQSTVWY,DEHKR
183,5.89,1.10E-01,'VVV-YL-I,0.2172,N,9.65E-01,8.50E-01,1.00E+00,9.85E-01,9.94E-01,6.77E-01,8.83,3.81,26.51,24.4,3.24,6.55,12.14,0.99,25.36,4.54,6.02,7.34,13.91,5.37,26.34,4.6,3.94,3.15,5.75,3.86,0.01892,0.4078,0.00004523,0.00007336,0.5595,0.07235,0.003726,0.9961,0.00005854,0.2613,0.1011,0.04432,0.00179,0.1533,0.00004692,0.2511,0.3789,0.5848,0.1196,0.3973,ACFGILMNQSTVWY,DEHKPR
184,3.44,5.03E-01,'CGG-TN-K,0.2172,N,9.98E-01,1.00E+00,1.00E+00,1.00E+00,1.00E+00,1.00E+00,4.98,3.64,3.65,4.85,3.59,2.21,1.95,4.85,2.38,4.73,3.42,1.58,6.86,2.54,2.96,1.3,2.49,5.1,3.46,3.39,0.1974,0.4498,0.4467,0.2137,0.463,0.8501,0.9049,0.2135,0.8072,0.231,0.5076,0.9603,0.05933,0.7637,0.6411,0.9845,0.7763,0.1827,0.498,0.5164,ACDEFGHIKLMNPQRSTVWY,
185,2.85,6.74E-01,'SAS-QNRF,0.0328,N,1.00E+00,1.00E+00,1.00E+00,1.00E+00,1.00E+00,1.00E+00,3.88,3.26,3.81,4.72,2.22,3.2,1.72,2.82,2.43,2.45,2.29,1.51,8.2,1.74,2.78,2.07,3,3.77,2.88,3.2,0.3921,0.5533,0.4083,0.2331,0.8461,0.5721,0.9423,0.6833,0.7921,0.7885,0.8285,0.9681,0.02695,0.94,0.695,0.8798,0.6292,0.4181,0.6653,0.5714,ACDEFGHIKLMNPQRSTVWY,
186,2.43,7.93E-01,'SRR-GQIN,0.0328,N,1.00E+00,1.00E+00,1.00E+00,1.00E+00,1.00E+00,1.00E+00,3.34,2.26,3.83,4.12,2.22,2.26,1.6,2.29,2.62,2.37,2.47,1.11,5.63,1.64,3.01,1.66,2.4,2.79,3.29,2.79,0.5306,0.8372,0.403,0.3396,0.8459,0.8362,0.9588,0.8296,0.741,0.8088,0.783,0.993,0.1297,0.9533,0.6246,0.9513,0.8023,0.6924,0.5456,0.6922,ACDEFGHIKLMNPQRSTVWY,